step,samples,episode,epoch,loss,grad_norm,learning_rate,update_s,data_s,samples_per_s,memory_gb
10,20,0,0.00,0.517,28.386,1.6e-07,0.513,1.074,1,34.87
20,40,0,0.00,0.505,24.407,4.1e-07,0.444,0.002,4,34.87
30,60,0,0.00,0.311,17.462,6.6e-07,0.441,0.002,5,34.87
40,80,0,0.00,0.567,32.442,9.1e-07,0.453,0.002,4,34.87
50,100,0,0.00,0.443,23.143,1.2e-06,0.442,0.002,5,34.87
60,120,0,0.00,0.423,20.648,1.4e-06,1.544,0.002,1,34.87
70,140,0,0.00,0.316,16.115,1.7e-06,0.456,0.002,4,34.87
80,160,0,0.00,0.301,14.891,1.9e-06,0.446,0.002,4,34.87
90,180,0,0.00,0.426,18.839,2.2e-06,0.444,0.002,4,34.87
100,200,0,0.00,0.378,16.845,2.4e-06,0.445,0.002,4,34.87
110,220,0,0.00,0.320,13.311,2.7e-06,0.457,0.002,4,34.87
120,240,0,0.00,0.214,11.833,2.9e-06,0.444,0.002,4,34.87
130,260,0,0.01,0.153,11.059,3.2e-06,0.448,0.002,4,34.87
140,280,0,0.01,0.302,14.988,3.4e-06,0.456,0.002,4,34.87
150,300,0,0.01,0.217,11.010,3.7e-06,0.445,0.002,4,34.87
160,320,1,0.01,0.184,10.497,3.9e-06,0.442,0.002,5,34.87
170,340,1,0.01,0.259,19.065,4.2e-06,0.442,0.002,5,34.87
180,360,1,0.01,0.184,10.151,4.4e-06,0.456,0.002,4,34.87
190,380,1,0.01,0.316,19.824,4.7e-06,0.457,0.002,4,34.87
200,400,1,0.01,0.206,12.334,4.9e-06,0.487,0.003,4,34.87
210,420,1,0.01,0.245,13.576,5.2e-06,0.487,0.003,4,34.87
220,440,1,0.01,0.125,5.436,5.4e-06,0.517,0.003,4,34.87
230,460,1,0.01,0.173,9.763,5.7e-06,0.453,0.003,4,34.87
240,480,1,0.01,0.186,8.178,5.9e-06,0.467,0.003,4,34.87
250,500,1,0.01,0.293,11.177,6.2e-06,0.483,0.002,4,34.87
260,520,1,0.01,0.207,11.152,6.4e-06,0.443,0.002,4,34.87
270,540,1,0.01,0.288,10.844,6.7e-06,0.445,0.002,4,34.87
280,560,1,0.01,0.236,9.766,6.9e-06,0.445,0.002,4,34.87
290,580,1,0.01,0.168,8.427,7.2e-06,0.465,0.002,4,34.87
300,600,1,0.01,0.187,8.880,7.4e-06,0.441,0.002,5,34.87
310,620,1,0.01,0.178,9.078,7.7e-06,0.447,0.002,4,34.87
320,640,1,0.01,0.308,14.594,7.9e-06,0.462,0.002,4,34.87
330,660,1,0.01,0.197,9.134,8.2e-06,0.441,0.002,5,34.87
340,680,1,0.01,0.114,9.402,8.4e-06,0.440,0.002,5,34.87
350,700,1,0.01,0.239,14.373,8.7e-06,0.431,0.002,5,34.87
360,720,1,0.01,0.144,8.708,8.9e-06,0.453,0.002,4,34.87
370,740,1,0.01,0.229,12.626,9.2e-06,0.431,0.002,5,34.87
380,760,1,0.02,0.144,6.476,9.4e-06,0.436,0.002,5,34.87
390,780,1,0.02,0.116,5.473,9.7e-06,0.454,0.002,4,34.87
400,800,1,0.02,0.107,5.971,9.9e-06,0.439,0.002,5,34.87
410,820,1,0.02,0.196,7.941,1.0e-05,0.431,0.002,5,34.87
420,840,1,0.02,0.165,7.129,1.0e-05,0.443,0.002,4,34.87
430,860,1,0.02,0.134,5.839,1.1e-05,0.457,0.002,4,34.87
440,880,1,0.02,0.222,11.863,1.1e-05,0.437,0.002,5,34.87
450,900,1,0.02,0.216,10.666,1.1e-05,0.438,0.002,5,34.87
460,920,1,0.02,0.152,9.581,1.1e-05,0.457,0.002,4,34.87
470,940,1,0.02,0.192,10.504,1.2e-05,0.437,0.002,5,34.87
480,960,2,0.02,0.161,8.699,1.2e-05,0.441,0.002,5,34.87
490,980,2,0.02,0.136,8.168,1.2e-05,0.440,0.002,5,34.87
500,1000,2,0.02,0.133,5.732,1.2e-05,0.455,0.002,4,34.87
510,1020,2,0.02,0.261,9.784,1.3e-05,0.444,0.002,4,34.87
520,1040,2,0.02,0.268,9.977,1.3e-05,0.440,0.002,5,34.87
530,1060,2,0.02,0.213,10.721,1.3e-05,0.458,0.002,4,34.87
540,1080,2,0.02,0.310,12.583,1.3e-05,0.443,0.002,4,34.87
550,1100,2,0.02,0.138,5.610,1.4e-05,0.442,0.002,5,34.87
560,1120,2,0.02,0.226,9.928,1.4e-05,0.445,0.002,4,34.87
570,1140,2,0.02,0.167,6.150,1.4e-05,0.458,0.002,4,34.87
580,1160,2,0.02,0.154,7.233,1.4e-05,0.443,0.002,4,34.87
590,1180,2,0.02,0.162,5.957,1.5e-05,0.444,0.002,4,34.87
600,1200,2,0.02,0.125,5.826,1.5e-05,0.451,0.002,4,34.87
610,1220,2,0.02,0.244,10.341,1.5e-05,0.436,0.002,5,34.87
620,1240,2,0.02,0.166,7.479,1.5e-05,0.436,0.002,5,34.87
630,1260,2,0.02,0.133,5.353,1.6e-05,0.435,0.002,5,34.87
640,1280,2,0.03,0.127,6.054,1.6e-05,0.451,0.002,4,34.87
650,1300,2,0.03,0.155,6.775,1.6e-05,0.439,0.002,5,34.87
660,1320,2,0.03,0.228,9.274,1.6e-05,0.436,0.002,5,34.87
670,1340,2,0.03,0.138,5.282,1.7e-05,0.444,0.002,4,34.87
680,1360,2,0.03,0.309,10.617,1.7e-05,1.069,0.002,2,34.87
690,1380,2,0.03,0.184,8.220,1.7e-05,0.444,0.002,4,34.87
700,1400,2,0.03,0.162,7.856,1.7e-05,0.442,0.002,5,34.87
710,1420,2,0.03,0.200,7.508,1.8e-05,0.459,0.002,4,34.87
720,1440,2,0.03,0.278,8.690,1.8e-05,0.439,0.002,5,34.87
730,1460,2,0.03,0.189,7.013,1.8e-05,0.441,0.002,5,34.87
740,1480,2,0.03,0.137,5.924,1.8e-05,0.436,0.002,5,34.87
750,1500,2,0.03,0.127,5.925,1.9e-05,0.458,0.002,4,34.87
760,1520,2,0.03,0.196,7.182,1.9e-05,0.439,0.002,5,34.87
770,1540,2,0.03,0.189,7.645,1.9e-05,0.441,0.002,5,34.87
780,1560,2,0.03,0.162,6.357,1.9e-05,0.461,0.002,4,34.87
790,1580,2,0.03,0.117,5.541,2.0e-05,0.444,0.002,4,34.87
800,1600,3,0.03,0.180,6.385,2.0e-05,0.438,0.002,5,34.87
810,1620,3,0.03,0.213,7.627,2.0e-05,0.435,0.002,5,34.87
820,1640,3,0.03,0.153,6.189,2.0e-05,0.455,0.002,4,34.87
830,1660,3,0.03,0.181,7.870,2.1e-05,0.446,0.002,4,34.87
840,1680,3,0.03,0.122,5.770,2.1e-05,0.449,0.002,4,34.87
850,1700,3,0.03,0.184,6.298,2.1e-05,0.449,0.002,4,34.87
860,1720,3,0.03,0.111,4.510,2.1e-05,0.435,0.002,5,34.87
870,1740,3,0.03,0.134,4.584,2.2e-05,0.442,0.002,5,34.87
880,1760,3,0.03,0.273,10.552,2.2e-05,0.440,0.002,5,34.87
890,1780,3,0.04,0.198,8.011,2.2e-05,0.459,0.002,4,34.87
900,1800,3,0.04,0.148,6.497,2.2e-05,0.444,0.002,4,34.87
910,1820,3,0.04,0.143,5.531,2.3e-05,0.436,0.002,5,34.87
920,1840,3,0.04,0.149,6.007,2.3e-05,0.459,0.002,4,34.87
930,1860,3,0.04,0.174,6.845,2.3e-05,0.431,0.002,5,34.87
940,1880,3,0.04,0.141,6.433,2.3e-05,0.440,0.002,5,34.87
950,1900,3,0.04,0.147,6.025,2.4e-05,0.441,0.002,5,34.87
960,1920,3,0.04,0.190,6.673,2.4e-05,0.458,0.002,4,34.87
970,1940,3,0.04,0.216,8.540,2.4e-05,0.444,0.002,4,34.87
980,1960,3,0.04,0.265,9.253,2.4e-05,0.448,0.002,4,34.87
990,1980,3,0.04,0.126,6.004,2.5e-05,0.442,0.002,5,34.87
1000,2000,3,0.04,0.214,7.478,2.5e-05,0.456,0.002,4,34.87
1010,2020,3,0.04,0.110,4.154,2.5e-05,0.444,0.002,4,34.87
1020,2040,3,0.04,0.109,5.301,2.5e-05,0.445,0.002,4,34.87
1030,2060,3,0.04,0.171,6.204,2.5e-05,0.461,0.002,4,34.87
1040,2080,3,0.04,0.213,8.099,2.5e-05,0.441,0.002,5,34.87
1050,2100,3,0.04,0.215,8.989,2.5e-05,0.446,0.002,4,34.87
1060,2120,3,0.04,0.180,7.204,2.5e-05,0.435,0.002,5,34.87
1070,2140,3,0.04,0.240,7.733,2.5e-05,0.455,0.002,4,34.87
1080,2160,3,0.04,0.265,8.328,2.5e-05,0.443,0.002,4,34.87
1090,2180,3,0.04,0.239,8.000,2.5e-05,0.446,0.002,4,34.87
1100,2200,3,0.04,0.167,6.114,2.5e-05,0.460,0.002,4,34.87
1110,2220,4,0.04,0.142,7.249,2.5e-05,0.437,0.002,5,34.87
1120,2240,4,0.04,0.185,6.737,2.5e-05,0.435,0.002,5,34.87
1130,2260,4,0.04,0.164,5.524,2.5e-05,0.443,0.002,4,34.87
1140,2280,4,0.05,0.186,6.568,2.5e-05,0.454,0.002,4,34.87
1150,2300,4,0.05,0.134,5.508,2.5e-05,0.438,0.002,5,34.87
1160,2320,4,0.05,0.261,9.226,2.5e-05,0.629,0.002,3,34.87
1170,2340,4,0.05,0.103,5.493,2.5e-05,0.456,0.002,4,34.87
1180,2360,4,0.05,0.164,5.009,2.5e-05,0.436,0.002,5,34.87
1190,2380,4,0.05,0.139,4.940,2.5e-05,0.447,0.002,4,34.87
1200,2400,4,0.05,0.212,7.066,2.5e-05,0.440,0.002,5,34.87
1210,2420,4,0.05,0.157,5.989,2.5e-05,0.458,0.002,4,34.87
1220,2440,4,0.05,0.191,6.906,2.5e-05,0.437,0.002,5,34.87
1230,2460,4,0.05,0.189,6.714,2.5e-05,0.434,0.002,5,34.87
1240,2480,4,0.05,0.148,5.394,2.5e-05,0.459,0.002,4,34.87
1250,2500,4,0.05,0.096,4.026,2.5e-05,0.441,0.002,5,34.87
1260,2520,4,0.05,0.169,5.898,2.5e-05,0.438,0.002,5,34.87
1270,2540,4,0.05,0.237,7.398,2.5e-05,0.439,0.002,5,34.87
1280,2560,4,0.05,0.186,6.935,2.5e-05,0.456,0.002,4,34.87
1290,2580,4,0.05,0.199,6.739,2.5e-05,0.445,0.002,4,34.87
1300,2600,4,0.05,0.199,6.182,2.5e-05,0.449,0.002,4,34.87
1310,2620,4,0.05,0.225,6.711,2.5e-05,0.459,0.002,4,34.87
1320,2640,4,0.05,0.179,6.280,2.5e-05,0.436,0.002,5,34.87
1330,2660,4,0.05,0.183,7.046,2.5e-05,0.439,0.002,5,34.87
1340,2680,4,0.05,0.254,8.000,2.5e-05,0.442,0.002,5,34.87
1350,2700,4,0.05,0.154,5.997,2.5e-05,0.463,0.002,4,34.87
1360,2720,4,0.05,0.081,3.417,2.5e-05,0.440,0.002,5,34.87
1370,2740,4,0.05,0.262,8.537,2.5e-05,0.440,0.002,5,34.87
1380,2760,4,0.05,0.145,5.856,2.5e-05,0.441,0.002,5,34.87
1390,2780,4,0.05,0.252,7.306,2.5e-05,0.461,0.002,4,34.87
1400,2800,4,0.06,0.334,6.778,2.5e-05,0.441,0.002,5,34.87
1410,2820,4,0.06,0.180,6.434,2.5e-05,0.434,0.002,5,34.87
1420,2840,4,0.06,0.164,5.612,2.5e-05,0.462,0.002,4,34.87
1430,2860,5,0.06,0.157,5.442,2.5e-05,0.444,0.002,4,34.87
1440,2880,5,0.06,0.217,7.976,2.5e-05,0.450,0.002,4,34.87
1450,2900,5,0.06,0.134,5.066,2.5e-05,0.440,0.002,5,34.87
1460,2920,5,0.06,0.135,4.869,2.5e-05,0.459,0.002,4,34.87
1470,2940,5,0.06,0.238,6.158,2.5e-05,0.440,0.002,5,34.87
1480,2960,5,0.06,0.138,7.684,2.5e-05,0.442,0.002,5,34.87
1490,2980,5,0.06,0.105,4.495,2.5e-05,0.460,0.002,4,34.87
1500,3000,5,0.06,0.133,6.015,2.5e-05,0.445,0.002,4,34.87
1510,3020,5,0.06,0.180,7.469,2.5e-05,0.443,0.003,4,34.87
1520,3040,5,0.06,0.139,5.504,2.5e-05,0.441,0.002,5,34.87
1530,3060,5,0.06,0.300,8.787,2.5e-05,0.448,0.002,4,34.87
1540,3080,5,0.06,0.160,6.823,2.5e-05,0.446,0.002,4,34.87
1550,3100,5,0.06,0.145,5.337,2.5e-05,0.442,0.002,5,34.87
1560,3120,5,0.06,0.128,5.301,2.5e-05,0.468,0.002,4,34.87
1570,3140,5,0.06,0.167,6.345,2.5e-05,0.435,0.002,5,34.87
1580,3160,5,0.06,0.163,6.011,2.5e-05,0.447,0.002,4,34.87
1590,3180,5,0.06,0.135,5.606,2.5e-05,0.454,0.002,4,34.87
1600,3200,5,0.06,0.155,6.348,2.5e-05,0.462,0.002,4,34.87
1610,3220,5,0.06,0.259,8.344,2.5e-05,0.441,0.002,5,34.87
1620,3240,5,0.06,0.134,5.277,2.5e-05,0.442,0.002,5,34.87
1630,3260,5,0.06,0.218,7.876,2.5e-05,0.496,0.003,4,34.87
1640,3280,5,0.06,0.201,6.545,2.5e-05,0.454,0.003,4,34.87
1650,3300,5,0.07,0.163,6.106,2.5e-05,0.467,0.003,4,34.87
1660,3320,5,0.07,0.167,6.122,2.5e-05,0.473,0.003,4,34.87
1670,3340,5,0.07,0.111,5.336,2.5e-05,0.493,0.003,4,34.87
1680,3360,5,0.07,0.139,5.439,2.5e-05,0.451,0.002,4,34.87
1690,3380,5,0.07,0.162,5.911,2.5e-05,0.449,0.002,4,34.87
1700,3400,5,0.07,0.180,6.110,2.5e-05,0.468,0.002,4,34.87
1710,3420,5,0.07,0.159,6.209,2.5e-05,0.452,0.002,4,34.87
1720,3440,5,0.07,0.163,5.564,2.5e-05,0.446,0.002,4,34.87
1730,3460,5,0.07,0.175,6.267,2.5e-05,0.449,0.002,4,34.87
1740,3480,6,0.07,0.224,5.740,2.5e-05,0.460,0.002,4,34.87
1750,3500,6,0.07,0.232,7.330,2.5e-05,0.457,0.002,4,34.87
1760,3520,6,0.07,0.208,6.397,2.5e-05,0.470,0.003,4,34.87
1770,3540,6,0.07,0.239,8.922,2.5e-05,0.488,0.003,4,34.87
1780,3560,6,0.07,0.165,6.706,2.5e-05,0.471,0.003,4,34.87
1790,3580,6,0.07,0.151,5.623,2.5e-05,0.458,0.003,4,34.87
1800,3600,6,0.07,0.212,7.438,2.5e-05,0.459,0.003,4,34.87
1810,3620,6,0.07,0.172,5.296,2.5e-05,0.488,0.003,4,34.87
1820,3640,6,0.07,0.130,5.224,2.5e-05,0.468,0.003,4,34.87
1830,3660,6,0.07,0.229,8.180,2.5e-05,0.467,0.003,4,34.87
1840,3680,6,0.07,0.092,4.256,2.5e-05,0.493,0.003,4,34.87
1850,3700,6,0.07,0.121,4.998,2.5e-05,0.478,0.003,4,34.87
1860,3720,6,0.07,0.145,5.661,2.5e-05,0.474,0.003,4,34.87
1870,3740,6,0.07,0.226,6.523,2.5e-05,0.482,0.003,4,34.87
1880,3760,6,0.07,0.162,6.501,2.5e-05,0.492,0.003,4,34.87
1890,3780,6,0.07,0.188,6.036,2.5e-05,0.471,0.003,4,34.87
1900,3800,6,0.08,0.128,5.398,2.5e-05,0.462,0.003,4,34.87
1910,3820,6,0.08,0.241,8.351,2.5e-05,0.486,0.003,4,34.87
1920,3840,6,0.08,0.132,4.697,2.5e-05,0.468,0.003,4,34.87
1930,3860,6,0.08,0.183,5.930,2.5e-05,0.468,0.003,4,34.87
1940,3880,6,0.08,0.241,7.825,2.5e-05,0.467,0.003,4,34.87
1950,3900,6,0.08,0.125,5.304,2.5e-05,0.483,0.003,4,34.87
1960,3920,6,0.08,0.137,5.580,2.5e-05,0.465,0.003,4,34.87
1970,3940,6,0.08,0.140,5.523,2.5e-05,0.471,0.003,4,34.87
1980,3960,6,0.08,0.270,6.617,2.5e-05,0.498,0.003,4,34.87
1990,3980,6,0.08,0.211,7.316,2.5e-05,0.459,0.003,4,34.87
2000,4000,6,0.08,0.132,5.747,2.5e-05,0.482,0.003,4,34.87
2010,4020,6,0.08,0.195,7.222,2.5e-05,0.472,0.003,4,34.87
2020,4040,6,0.08,0.210,6.603,2.5e-05,0.499,0.003,4,34.87
2030,4060,6,0.08,0.217,6.108,2.5e-05,0.456,0.003,4,34.87
2040,4080,6,0.08,0.177,7.102,2.5e-05,0.471,0.003,4,34.87
2050,4100,6,0.08,0.202,7.152,2.5e-05,0.469,0.003,4,34.87
2060,4120,7,0.08,0.146,6.299,2.5e-05,0.499,0.003,4,34.87
2070,4140,7,0.08,0.112,5.186,2.5e-05,0.456,0.003,4,34.87
2080,4160,7,0.08,0.097,4.037,2.5e-05,0.469,0.003,4,34.87
2090,4180,7,0.08,0.172,5.987,2.5e-05,0.495,0.003,4,34.87
2100,4200,7,0.08,0.149,5.395,2.5e-05,0.467,0.003,4,34.87
2110,4220,7,0.08,0.148,4.446,2.5e-05,0.458,0.003,4,34.87
2120,4240,7,0.08,0.101,4.453,2.5e-05,0.467,0.003,4,34.87
2130,4260,7,0.08,0.160,5.506,2.5e-05,0.497,0.003,4,34.87
2140,4280,7,0.08,0.186,7.088,2.5e-05,0.469,0.003,4,34.87
2150,4300,7,0.08,0.145,4.339,2.5e-05,0.454,0.003,4,34.87
2160,4320,7,0.09,0.116,5.262,2.5e-05,0.507,0.003,4,34.87
2170,4340,7,0.09,0.290,7.840,2.5e-05,0.476,0.003,4,34.87
2180,4360,7,0.09,0.105,4.269,2.5e-05,0.474,0.003,4,34.87
2190,4380,7,0.09,0.132,4.843,2.5e-05,0.456,0.003,4,34.87
2200,4400,7,0.09,0.262,7.592,2.5e-05,0.497,0.003,4,34.87
2210,4420,7,0.09,0.173,6.319,2.5e-05,0.470,0.003,4,34.87
2220,4440,7,0.09,0.217,6.944,2.5e-05,0.468,0.003,4,34.87
2230,4460,7,0.09,0.099,4.473,2.5e-05,0.489,0.003,4,34.87
2240,4480,7,0.09,0.155,5.541,2.5e-05,0.470,0.003,4,34.87
2250,4500,7,0.09,0.186,6.195,2.5e-05,0.464,0.003,4,34.87
2260,4520,7,0.09,0.246,7.078,2.5e-05,0.467,0.003,4,34.87
2270,4540,7,0.09,0.126,5.048,2.5e-05,0.492,0.003,4,34.87
2280,4560,7,0.09,0.135,5.292,2.5e-05,0.470,0.003,4,34.87
2290,4580,7,0.09,0.181,6.408,2.5e-05,0.451,0.003,4,34.87
2300,4600,7,0.09,0.262,8.059,2.5e-05,0.471,0.003,4,34.87
2310,4620,7,0.09,0.139,5.948,2.5e-05,0.469,0.003,4,34.87
2320,4640,7,0.09,0.177,5.549,2.5e-05,0.473,0.003,4,34.87
2330,4660,7,0.09,0.194,6.369,2.5e-05,0.474,0.003,4,34.87
2340,4680,7,0.09,0.228,7.033,2.5e-05,0.485,0.003,4,34.87
2350,4700,7,0.09,0.125,5.168,2.5e-05,0.468,0.003,4,34.87
2360,4720,7,0.09,0.204,6.499,2.5e-05,0.475,0.003,4,34.87
2370,4740,7,0.09,0.154,6.438,2.5e-05,0.503,0.003,4,34.87
2380,4760,8,0.09,0.120,5.615,2.5e-05,0.457,0.003,4,34.87
2390,4780,8,0.09,0.213,6.641,2.5e-05,0.471,0.003,4,34.87
2400,4800,8,0.09,0.164,6.619,2.5e-05,0.479,0.003,4,34.87
2410,4820,8,0.10,0.216,7.659,2.5e-05,0.502,0.003,4,34.87
2420,4840,8,0.10,0.145,4.669,2.5e-05,0.456,0.003,4,34.87
2430,4860,8,0.10,0.222,9.350,2.5e-05,0.471,0.003,4,34.87
2440,4880,8,0.10,0.205,5.870,2.5e-05,0.467,0.003,4,34.87
2450,4900,8,0.10,0.263,7.016,2.5e-05,0.501,0.003,4,34.87
2460,4920,8,0.10,0.212,6.764,2.5e-05,0.454,0.003,4,34.87
2470,4940,8,0.10,0.092,4.323,2.5e-05,0.471,0.003,4,34.87
2480,4960,8,0.10,0.145,6.156,2.5e-05,0.506,0.003,4,34.87
2490,4980,8,0.10,0.166,5.511,2.5e-05,0.470,0.003,4,34.87
2500,5000,8,0.10,0.135,5.357,2.5e-05,0.458,0.003,4,34.87
2510,5020,8,0.10,0.098,4.726,2.5e-05,0.469,0.003,4,34.87
2520,5040,8,0.10,0.117,4.681,2.5e-05,0.485,0.003,4,34.87
2530,5060,8,0.10,0.159,5.463,2.5e-05,0.457,0.003,4,34.87
2540,5080,8,0.10,0.183,5.793,2.5e-05,0.463,0.003,4,34.87
2550,5100,8,0.10,0.156,6.323,2.5e-05,0.504,0.003,4,34.87
2560,5120,8,0.10,0.133,5.375,2.5e-05,0.458,0.003,4,34.87
2570,5140,8,0.10,0.229,7.710,2.5e-05,0.456,0.003,4,34.87
2580,5160,8,0.10,0.124,4.957,2.5e-05,0.457,0.003,4,34.87
2590,5180,8,0.10,0.196,7.404,2.5e-05,0.504,0.003,4,34.87
2600,5200,8,0.10,0.106,4.580,2.5e-05,0.471,0.003,4,34.87
2610,5220,8,0.10,0.115,4.419,2.5e-05,0.472,0.003,4,34.87
2620,5240,8,0.10,0.122,4.641,2.5e-05,0.490,0.003,4,34.87
2630,5260,8,0.10,0.158,5.556,2.5e-05,0.476,0.003,4,34.87
2640,5280,8,0.10,0.262,7.383,2.5e-05,0.472,0.003,4,34.87
2650,5300,8,0.10,0.209,6.608,2.5e-05,0.468,0.003,4,34.87
2660,5320,8,0.11,0.188,7.164,2.5e-05,0.492,0.003,4,34.87
2670,5340,8,0.11,0.138,6.183,2.5e-05,0.469,0.003,4,34.87
2680,5360,8,0.11,0.103,5.092,2.5e-05,0.473,0.003,4,34.87
2690,5380,9,0.11,0.144,4.306,2.5e-05,0.487,0.003,4,34.87
2700,5400,9,0.11,0.114,4.350,2.5e-05,0.474,0.003,4,34.87
2710,5420,9,0.11,0.104,4.523,2.5e-05,0.475,0.003,4,34.87
2720,5440,9,0.11,0.149,5.763,2.5e-05,0.453,0.003,4,34.87
2730,5460,9,0.11,0.120,4.817,2.5e-05,0.455,0.002,4,34.87
2740,5480,9,0.11,0.118,4.784,2.5e-05,0.440,0.002,5,34.87
2750,5500,9,0.11,0.126,4.799,2.5e-05,0.440,0.002,5,34.87
2760,5520,9,0.11,0.168,6.401,2.5e-05,0.451,0.002,4,34.87
2770,5540,9,0.11,0.139,5.167,2.5e-05,0.433,0.002,5,34.87
2780,5560,9,0.11,0.115,4.563,2.5e-05,0.441,0.002,5,34.87
2790,5580,9,0.11,0.159,6.326,2.5e-05,0.434,0.002,5,34.87
2800,5600,9,0.11,0.184,6.536,2.5e-05,0.458,0.002,4,34.87
2810,5620,9,0.11,0.125,5.178,2.5e-05,0.432,0.002,5,34.87
2820,5640,9,0.11,0.298,7.632,2.5e-05,0.440,0.002,5,34.87
2830,5660,9,0.11,0.165,4.715,2.5e-05,0.439,0.002,5,34.87
2840,5680,9,0.11,0.125,5.028,2.5e-05,0.452,0.002,4,34.87
2850,5700,9,0.11,0.113,4.745,2.5e-05,0.434,0.002,5,34.87
2860,5720,9,0.11,0.150,4.940,2.5e-05,0.435,0.002,5,34.87
2870,5740,9,0.11,0.182,6.295,2.4e-05,0.458,0.002,4,34.87
2880,5760,9,0.11,0.111,4.579,2.4e-05,0.439,0.002,5,34.87
2890,5780,9,0.11,0.187,6.205,2.4e-05,0.440,0.002,5,34.87
2900,5800,9,0.11,0.107,4.842,2.4e-05,0.435,0.002,5,34.87
2910,5820,9,0.12,0.110,4.937,2.4e-05,0.452,0.002,4,34.87
2920,5840,9,0.12,0.172,5.738,2.4e-05,0.433,0.002,5,34.87
2930,5860,9,0.12,0.333,8.139,2.4e-05,0.437,0.002,5,34.87
2940,5880,9,0.12,0.099,3.962,2.4e-05,0.452,0.002,4,34.87
2950,5900,9,0.12,0.089,4.222,2.4e-05,0.431,0.002,5,34.87
2960,5920,9,0.12,0.124,4.960,2.4e-05,0.429,0.002,5,34.87
2970,5940,9,0.12,0.178,6.552,2.4e-05,0.436,0.002,5,34.87
2980,5960,9,0.12,0.142,5.627,2.4e-05,0.454,0.002,4,34.87
2990,5980,9,0.12,0.159,6.266,2.4e-05,0.434,0.002,5,34.87
3000,6000,9,0.12,0.125,5.158,2.4e-05,0.436,0.002,5,34.87
3010,6020,10,0.12,0.140,4.432,2.4e-05,0.455,0.002,4,34.87
3020,6040,10,0.12,0.170,6.247,2.4e-05,0.439,0.002,5,34.87
3030,6060,10,0.12,0.097,4.845,2.4e-05,0.437,0.002,5,34.87
3040,6080,10,0.12,0.220,7.120,2.4e-05,0.430,0.002,5,34.87
3050,6100,10,0.12,0.097,4.109,2.4e-05,0.450,0.002,4,34.87
3060,6120,10,0.12,0.174,5.791,2.4e-05,0.435,0.002,5,34.87
3070,6140,10,0.12,0.146,4.706,2.4e-05,0.435,0.002,5,34.87
3080,6160,10,0.12,0.100,4.662,2.4e-05,0.448,0.002,4,34.87
3090,6180,10,0.12,0.106,4.336,2.4e-05,0.437,0.002,5,34.87
3100,6200,10,0.12,0.217,7.602,2.4e-05,0.439,0.002,5,34.87
3110,6220,10,0.12,0.206,6.987,2.4e-05,0.439,0.002,5,34.87
3120,6240,10,0.12,0.231,7.474,2.4e-05,2.116,0.002,1,34.87
3130,6260,10,0.12,0.117,4.620,2.4e-05,0.441,0.002,5,34.87
3140,6280,10,0.12,0.143,4.391,2.4e-05,0.433,0.002,5,34.87
3150,6300,10,0.12,0.188,7.570,2.4e-05,0.449,0.002,4,34.87
3160,6320,10,0.12,0.210,6.101,2.4e-05,0.438,0.002,5,34.87
3170,6340,10,0.13,0.196,6.997,2.4e-05,0.446,0.002,4,34.87
3180,6360,10,0.13,0.153,5.151,2.4e-05,0.439,0.002,5,34.87
3190,6380,10,0.13,0.093,4.429,2.4e-05,0.454,0.002,4,34.87
3200,6400,10,0.13,0.110,5.239,2.4e-05,0.438,0.002,5,34.87
3210,6420,10,0.13,0.158,5.926,2.4e-05,0.446,0.002,4,34.87
3220,6440,10,0.13,0.104,4.260,2.4e-05,0.461,0.002,4,34.87
3230,6460,10,0.13,0.136,5.202,2.4e-05,0.439,0.002,5,34.87
3240,6480,10,0.13,0.172,6.206,2.4e-05,0.445,0.002,4,34.87
3250,6500,10,0.13,0.150,5.871,2.4e-05,0.444,0.002,4,34.87
3260,6520,10,0.13,0.155,5.670,2.4e-05,0.457,0.002,4,34.87
3270,6540,10,0.13,0.183,6.121,2.4e-05,0.445,0.002,4,34.87
3280,6560,10,0.13,0.139,5.197,2.4e-05,0.468,0.003,4,34.87
3290,6580,10,0.13,0.187,6.359,2.4e-05,0.476,0.003,4,34.87
3300,6600,10,0.13,0.141,5.290,2.4e-05,0.496,0.003,4,34.87
3310,6620,10,0.13,0.168,5.545,2.4e-05,0.441,0.002,5,34.87
3320,6640,10,0.13,0.094,4.646,2.4e-05,0.442,0.002,4,34.87
3330,6660,11,0.13,0.153,5.806,2.4e-05,0.462,0.002,4,34.87
3340,6680,11,0.13,0.094,4.448,2.4e-05,0.442,0.002,5,34.87
3350,6700,11,0.13,0.186,6.182,2.4e-05,0.441,0.002,5,34.87
3360,6720,11,0.13,0.233,6.651,2.4e-05,0.441,0.002,5,34.87
3370,6740,11,0.13,0.102,4.419,2.4e-05,0.461,0.002,4,34.87
3380,6760,11,0.13,0.227,6.687,2.4e-05,0.439,0.002,5,34.87
3390,6780,11,0.13,0.174,5.792,2.4e-05,0.442,0.002,5,34.87
3400,6800,11,0.13,0.114,4.454,2.4e-05,0.473,0.002,4,34.87
3410,6820,11,0.13,0.123,5.358,2.4e-05,0.442,0.002,5,34.87
3420,6840,11,0.14,0.117,4.608,2.4e-05,0.439,0.002,5,34.87
3430,6860,11,0.14,0.138,5.362,2.4e-05,0.447,0.002,4,34.87
3440,6880,11,0.14,0.111,4.087,2.4e-05,0.460,0.002,4,34.87
3450,6900,11,0.14,0.144,5.058,2.4e-05,0.441,0.002,5,34.87
3460,6920,11,0.14,0.144,5.297,2.4e-05,0.438,0.002,5,34.87
3470,6940,11,0.14,0.220,6.453,2.4e-05,0.461,0.002,4,34.87
3480,6960,11,0.14,0.127,4.702,2.4e-05,0.440,0.002,5,34.87
3490,6980,11,0.14,0.115,5.533,2.4e-05,0.438,0.002,5,34.87
3500,7000,11,0.14,0.206,6.912,2.4e-05,0.432,0.002,5,34.87
3510,7020,11,0.14,0.138,5.232,2.4e-05,0.454,0.002,4,34.87
3520,7040,11,0.14,0.140,4.605,2.4e-05,0.443,0.002,4,34.87
3530,7060,11,0.14,0.107,4.370,2.4e-05,0.442,0.002,5,34.87
3540,7080,11,0.14,0.131,5.474,2.4e-05,0.460,0.002,4,34.87
3550,7100,11,0.14,0.121,5.347,2.4e-05,0.447,0.002,4,34.87
3560,7120,11,0.14,0.209,6.803,2.4e-05,0.438,0.002,5,34.87
3570,7140,11,0.14,0.149,6.062,2.4e-05,0.441,0.002,5,34.87
3580,7160,11,0.14,0.162,5.445,2.4e-05,0.454,0.002,4,34.87
3590,7180,11,0.14,0.122,4.807,2.4e-05,0.445,0.002,4,34.87
3600,7200,11,0.14,0.146,5.640,2.4e-05,0.438,0.002,5,34.87
3610,7220,11,0.14,0.135,4.806,2.4e-05,0.449,0.002,4,34.87
3620,7240,11,0.14,0.115,4.663,2.4e-05,0.431,0.002,5,34.87
3630,7260,11,0.14,0.123,4.510,2.4e-05,0.433,0.002,5,34.87
3640,7280,12,0.14,0.132,5.072,2.4e-05,0.440,0.002,5,34.87
3650,7300,12,0.14,0.146,5.468,2.4e-05,0.456,0.002,4,34.87
3660,7320,12,0.14,0.188,7.132,2.4e-05,0.435,0.002,5,34.87
3670,7340,12,0.15,0.150,5.325,2.4e-05,0.435,0.002,5,34.87
3680,7360,12,0.15,0.328,8.280,2.4e-05,0.438,0.002,5,34.87
3690,7380,12,0.15,0.136,5.065,2.4e-05,0.456,0.002,4,34.87
3700,7400,12,0.15,0.162,5.758,2.4e-05,0.440,0.002,5,34.87
3710,7420,12,0.15,0.119,4.725,2.4e-05,0.439,0.002,5,34.87
3720,7440,12,0.15,0.082,3.867,2.4e-05,0.455,0.002,4,34.87
3730,7460,12,0.15,0.126,4.856,2.4e-05,0.434,0.002,5,34.87
3740,7480,12,0.15,0.157,5.689,2.4e-05,0.433,0.002,5,34.87
3750,7500,12,0.15,0.154,6.274,2.4e-05,0.440,0.002,5,34.87
3760,7520,12,0.15,0.122,4.760,2.4e-05,0.455,0.002,4,34.87
3770,7540,12,0.15,0.104,4.155,2.4e-05,0.433,0.002,5,34.87
3780,7560,12,0.15,0.131,4.739,2.4e-05,0.430,0.002,5,34.87
3790,7580,12,0.15,0.160,5.653,2.4e-05,0.440,0.002,5,34.87
3800,7600,12,0.15,0.181,5.727,2.4e-05,0.424,0.002,5,34.87
3810,7620,12,0.15,0.131,5.387,2.4e-05,0.423,0.002,5,34.87
3820,7640,12,0.15,0.149,5.574,2.4e-05,0.433,0.002,5,34.87
3830,7660,12,0.15,0.160,6.570,2.4e-05,0.460,0.002,4,34.87
3840,7680,12,0.15,0.314,7.892,2.4e-05,0.448,0.002,4,34.87
3850,7700,12,0.15,0.167,5.691,2.4e-05,0.441,0.002,5,34.87
3860,7720,12,0.15,0.205,6.827,2.4e-05,0.461,0.002,4,34.87
3870,7740,12,0.15,0.180,6.464,2.4e-05,0.446,0.002,4,34.87
3880,7760,12,0.15,0.162,5.235,2.4e-05,0.447,0.002,4,34.87
3890,7780,12,0.15,0.167,6.323,2.4e-05,0.443,0.002,4,34.87
3900,7800,12,0.15,0.213,7.480,2.4e-05,0.466,0.002,4,34.87
3910,7820,12,0.15,0.185,5.690,2.4e-05,0.447,0.002,4,34.87
3920,7840,12,0.15,0.150,5.560,2.4e-05,0.448,0.002,4,34.87
3930,7860,12,0.16,0.160,6.896,2.4e-05,0.456,0.002,4,34.87
3940,7880,12,0.16,0.166,6.479,2.4e-05,0.441,0.002,5,34.87
3950,7900,12,0.16,0.165,6.320,2.4e-05,0.442,0.002,5,34.87
3960,7920,13,0.16,0.411,10.288,2.4e-05,0.444,0.002,4,34.87
3970,7940,13,0.16,0.077,3.887,2.4e-05,0.454,0.002,4,34.87
3980,7960,13,0.16,0.144,5.688,2.4e-05,0.440,0.002,5,34.87
3990,7980,13,0.16,0.102,4.320,2.4e-05,0.438,0.002,5,34.87
4000,8000,13,0.16,0.158,5.695,2.4e-05,0.453,0.002,4,34.87
4010,8020,13,0.16,0.094,4.247,2.4e-05,0.431,0.002,5,34.87
4020,8040,13,0.16,0.170,6.730,2.4e-05,0.441,0.002,5,34.87
4030,8060,13,0.16,0.174,6.049,2.4e-05,0.446,0.002,4,34.87
4040,8080,13,0.16,0.188,6.259,2.4e-05,0.448,0.002,4,34.87
4050,8100,13,0.16,0.120,5.208,2.4e-05,0.434,0.002,5,34.87
4060,8120,13,0.16,0.157,5.602,2.4e-05,0.435,0.002,5,34.87
4070,8140,13,0.16,0.190,6.073,2.4e-05,0.436,0.002,5,34.87
4080,8160,13,0.16,0.146,5.214,2.4e-05,0.449,0.002,4,34.87
4090,8180,13,0.16,0.197,7.266,2.4e-05,0.436,0.002,5,34.87
4100,8200,13,0.16,0.176,5.938,2.4e-05,0.437,0.002,5,34.87
4110,8220,13,0.16,0.129,4.868,2.4e-05,0.459,0.002,4,34.87
4120,8240,13,0.16,0.218,7.387,2.4e-05,0.452,0.002,4,34.87
4130,8260,13,0.16,0.159,5.743,2.4e-05,0.458,0.003,4,34.87
4140,8280,13,0.16,0.125,5.233,2.4e-05,0.475,0.003,4,34.87
4150,8300,13,0.16,0.114,4.659,2.4e-05,0.497,0.003,4,34.87
4160,8320,13,0.16,0.153,5.974,2.4e-05,0.464,0.003,4,34.87
4170,8340,13,0.16,0.113,4.595,2.4e-05,0.445,0.002,4,34.87
4180,8360,13,0.17,0.119,4.994,2.4e-05,0.459,0.002,4,34.87
4190,8380,13,0.17,0.104,4.433,2.4e-05,0.454,0.002,4,34.87
4200,8400,13,0.17,0.154,5.684,2.4e-05,0.463,0.002,4,34.87
4210,8420,13,0.17,0.168,5.095,2.4e-05,0.464,0.002,4,34.87
4220,8440,13,0.17,0.113,4.690,2.4e-05,0.458,0.002,4,34.87
4230,8460,13,0.17,0.186,6.658,2.4e-05,0.438,0.002,5,34.87
4240,8480,13,0.17,0.132,6.087,2.4e-05,0.442,0.002,5,34.87
4250,8500,13,0.17,0.174,5.332,2.4e-05,0.450,0.002,4,34.87
4260,8520,13,0.17,0.110,4.509,2.4e-05,0.438,0.002,5,34.87
4270,8540,14,0.17,0.104,4.323,2.4e-05,0.431,0.002,5,34.87
4280,8560,14,0.17,0.139,5.234,2.4e-05,0.435,0.002,5,34.87
4290,8580,14,0.17,0.186,7.204,2.4e-05,0.454,0.002,4,34.87
4300,8600,14,0.17,0.138,5.678,2.4e-05,0.436,0.002,5,34.87
4310,8620,14,0.17,0.213,6.078,2.4e-05,0.436,0.002,5,34.87
4320,8640,14,0.17,0.137,4.912,2.4e-05,0.451,0.002,4,34.87
4330,8660,14,0.17,0.134,5.508,2.4e-05,0.438,0.002,5,34.87
4340,8680,14,0.17,0.085,4.089,2.4e-05,0.441,0.002,5,34.87
4350,8700,14,0.17,0.232,7.420,2.4e-05,0.438,0.002,5,34.87
4360,8720,14,0.17,0.130,5.023,2.4e-05,0.448,0.002,4,34.87
4370,8740,14,0.17,0.112,4.552,2.4e-05,0.437,0.002,5,34.87
4380,8760,14,0.17,0.167,5.833,2.4e-05,0.440,0.002,5,34.87
4390,8780,14,0.17,0.213,7.143,2.4e-05,0.451,0.002,4,34.87
4400,8800,14,0.17,0.133,5.233,2.4e-05,0.438,0.002,5,34.87
4410,8820,14,0.17,0.127,4.531,2.4e-05,0.441,0.002,5,34.87
4420,8840,14,0.17,0.158,6.040,2.4e-05,0.440,0.002,5,34.87
4430,8860,14,0.18,0.132,5.061,2.4e-05,0.452,0.002,4,34.87
4440,8880,14,0.18,0.151,5.648,2.4e-05,0.438,0.002,5,34.87
4450,8900,14,0.18,0.136,5.440,2.4e-05,0.436,0.002,5,34.87
4460,8920,14,0.18,0.127,4.766,2.4e-05,0.438,0.002,5,34.87
4470,8940,14,0.18,0.113,4.729,2.4e-05,0.456,0.002,4,34.87
4480,8960,14,0.18,0.174,5.906,2.4e-05,0.436,0.002,5,34.87
4490,8980,14,0.18,0.130,5.400,2.4e-05,0.436,0.002,5,34.87
4500,9000,14,0.18,0.136,5.083,2.4e-05,0.460,0.002,4,34.87
4510,9020,14,0.18,0.152,5.250,2.4e-05,0.443,0.002,4,34.87
4520,9040,14,0.18,0.103,4.301,2.4e-05,0.441,0.002,5,34.87
4530,9060,14,0.18,0.223,6.679,2.4e-05,0.440,0.002,5,34.87
4540,9080,14,0.18,0.105,4.214,2.4e-05,0.460,0.002,4,34.87
4550,9100,14,0.18,0.091,4.212,2.4e-05,0.438,0.002,5,34.87
4560,9120,14,0.18,0.195,6.128,2.4e-05,0.433,0.002,5,34.87
4570,9140,14,0.18,0.146,4.750,2.4e-05,0.455,0.002,4,34.87
4580,9160,14,0.18,0.087,4.292,2.4e-05,0.439,0.002,5,34.87
4590,9180,15,0.18,0.182,6.962,2.4e-05,0.435,0.002,5,34.87
4600,9200,15,0.18,0.190,6.438,2.4e-05,0.433,0.002,5,34.87
4610,9220,15,0.18,0.109,4.487,2.4e-05,0.463,0.002,4,34.87
4620,9240,15,0.18,0.185,7.620,2.4e-05,0.438,0.002,5,34.87
4630,9260,15,0.18,0.175,6.602,2.4e-05,0.433,0.002,5,34.87
4640,9280,15,0.18,0.145,4.731,2.4e-05,0.457,0.002,4,34.87
4650,9300,15,0.18,0.117,5.394,2.4e-05,0.441,0.002,5,34.87
4660,9320,15,0.18,0.151,5.004,2.4e-05,0.445,0.002,4,34.87
4670,9340,15,0.18,0.172,5.929,2.4e-05,0.435,0.002,5,34.87
4680,9360,15,0.18,0.148,5.546,2.4e-05,0.457,0.002,4,34.87
4690,9380,15,0.19,0.157,5.779,2.4e-05,0.446,0.002,4,34.87
4700,9400,15,0.19,0.176,6.309,2.4e-05,0.438,0.002,5,34.87
4710,9420,15,0.19,0.132,4.711,2.4e-05,0.458,0.002,4,34.87
4720,9440,15,0.19,0.185,5.983,2.4e-05,0.442,0.002,4,34.87
4730,9460,15,0.19,0.087,4.497,2.4e-05,0.446,0.002,4,34.87
4740,9480,15,0.19,0.122,4.535,2.4e-05,0.445,0.002,4,34.87
4750,9500,15,0.19,0.103,4.549,2.4e-05,0.452,0.002,4,34.87
4760,9520,15,0.19,0.135,5.614,2.4e-05,0.441,0.002,5,34.87
4770,9540,15,0.19,0.203,5.917,2.4e-05,0.446,0.002,4,34.87
4780,9560,15,0.19,0.119,4.904,2.4e-05,0.445,0.002,4,34.87
4790,9580,15,0.19,0.128,5.092,2.4e-05,0.426,0.002,5,34.87
4800,9600,15,0.19,0.117,3.865,2.4e-05,0.438,0.002,5,34.87
4810,9620,15,0.19,0.110,4.897,2.4e-05,0.451,0.002,4,34.87
4820,9640,15,0.19,0.121,4.702,2.4e-05,0.460,0.002,4,34.87
4830,9660,15,0.19,0.228,6.292,2.4e-05,0.442,0.002,5,34.87
4840,9680,15,0.19,0.244,7.514,2.4e-05,0.443,0.002,4,34.87
4850,9700,15,0.19,0.208,6.478,2.4e-05,0.443,0.002,4,34.87
4860,9720,15,0.19,0.199,6.835,2.4e-05,0.462,0.002,4,34.87
4870,9740,15,0.19,0.145,5.605,2.4e-05,0.444,0.002,4,34.87
4880,9760,15,0.19,0.258,7.642,2.4e-05,0.442,0.002,4,34.87
4890,9780,15,0.19,0.130,5.219,2.4e-05,0.461,0.002,4,34.87
4900,9800,15,0.19,0.160,6.136,2.4e-05,0.442,0.002,5,34.87
4910,9820,16,0.19,0.103,4.150,2.4e-05,0.446,0.002,4,34.87
4920,9840,16,0.19,0.166,5.697,2.4e-05,0.443,0.002,4,34.87
4930,9860,16,0.19,0.152,5.884,2.4e-05,0.458,0.002,4,34.87
4940,9880,16,0.20,0.077,3.539,2.4e-05,0.443,0.002,4,34.87
4950,9900,16,0.20,0.107,3.940,2.4e-05,0.439,0.002,5,34.87
4960,9920,16,0.20,0.204,6.531,2.4e-05,0.461,0.002,4,34.87
4970,9940,16,0.20,0.084,4.212,2.4e-05,0.440,0.002,5,34.87
4980,9960,16,0.20,0.143,5.296,2.4e-05,0.440,0.002,5,34.87
4990,9980,16,0.20,0.189,7.058,2.4e-05,0.431,0.002,5,34.87
5000,10000,16,0.20,0.141,3.982,2.3e-05,0.452,0.002,4,34.87
5010,10020,16,0.20,0.160,5.597,2.3e-05,0.446,0.002,4,34.87
5020,10040,16,0.20,0.184,6.483,2.3e-05,0.444,0.002,4,34.87
5030,10060,16,0.20,0.108,4.700,2.3e-05,0.465,0.002,4,34.87
5040,10080,16,0.20,0.187,7.181,2.3e-05,0.441,0.002,5,34.87
5050,10100,16,0.20,0.085,4.188,2.3e-05,0.442,0.002,5,34.87
5060,10120,16,0.20,0.187,6.087,2.3e-05,0.446,0.002,4,34.87
5070,10140,16,0.20,0.088,4.124,2.3e-05,0.463,0.002,4,34.87
5080,10160,16,0.20,0.140,5.599,2.3e-05,0.445,0.002,4,34.87
5090,10180,16,0.20,0.135,4.993,2.3e-05,0.447,0.002,4,34.87
5100,10200,16,0.20,0.111,4.793,2.3e-05,0.454,0.002,4,34.87
5110,10220,16,0.20,0.113,4.585,2.3e-05,0.439,0.002,5,34.87
5120,10240,16,0.20,0.130,4.948,2.3e-05,0.440,0.002,5,34.87
5130,10260,16,0.20,0.144,5.071,2.3e-05,0.441,0.002,5,34.87
5140,10280,16,0.20,0.253,6.967,2.3e-05,0.457,0.002,4,34.87
5150,10300,16,0.20,0.219,5.904,2.3e-05,0.448,0.002,4,34.87
5160,10320,16,0.20,0.206,7.094,2.3e-05,0.445,0.002,4,34.87
5170,10340,16,0.20,0.163,5.451,2.3e-05,0.459,0.002,4,34.87
5180,10360,16,0.20,0.111,4.652,2.3e-05,0.439,0.002,5,34.87
5190,10380,16,0.21,0.122,5.020,2.3e-05,0.444,0.002,4,34.87
5200,10400,16,0.21,0.144,5.312,2.3e-05,0.436,0.002,5,34.87
5210,10420,16,0.21,0.102,4.796,2.3e-05,0.455,0.002,4,34.87
5220,10440,17,0.21,0.128,4.831,2.3e-05,0.435,0.002,5,34.87
5230,10460,17,0.21,0.222,6.376,2.3e-05,0.435,0.002,5,34.87
5240,10480,17,0.21,0.118,4.584,2.3e-05,0.438,0.002,5,34.87
5250,10500,17,0.21,0.143,5.297,2.3e-05,0.462,0.002,4,34.87
5260,10520,17,0.21,0.108,4.124,2.3e-05,0.434,0.002,5,34.87
5270,10540,17,0.21,0.215,6.680,2.3e-05,0.438,0.002,5,34.87
5280,10560,17,0.21,0.127,4.869,2.3e-05,0.454,0.002,4,34.87
5290,10580,17,0.21,0.086,3.390,2.3e-05,0.440,0.002,5,34.87
5300,10600,17,0.21,0.106,3.542,2.3e-05,0.439,0.002,5,34.87
5310,10620,17,0.21,0.170,6.660,2.3e-05,0.442,0.002,5,34.87
5320,10640,17,0.21,0.095,3.961,2.3e-05,0.457,0.002,4,34.87
5330,10660,17,0.21,0.165,6.071,2.3e-05,0.443,0.002,4,34.87
5340,10680,17,0.21,0.153,5.693,2.3e-05,0.441,0.002,5,34.87
5350,10700,17,0.21,0.124,5.060,2.3e-05,0.465,0.002,4,34.87
5360,10720,17,0.21,0.119,4.910,2.3e-05,0.446,0.002,4,34.87
5370,10740,17,0.21,0.129,4.470,2.3e-05,0.438,0.002,5,34.87
5380,10760,17,0.21,0.210,7.366,2.3e-05,0.441,0.002,5,34.87
5390,10780,17,0.21,0.132,6.044,2.3e-05,0.460,0.002,4,34.87
5400,10800,17,0.21,0.161,7.360,2.3e-05,0.458,0.003,4,34.87
5410,10820,17,0.21,0.182,6.969,2.3e-05,0.456,0.003,4,34.87
5420,10840,17,0.21,0.094,4.216,2.3e-05,0.509,0.003,4,34.87
5430,10860,17,0.21,0.153,5.776,2.3e-05,0.468,0.003,4,34.87
5440,10880,17,0.22,0.247,6.986,2.3e-05,0.442,0.002,5,34.87
5450,10900,17,0.22,0.109,4.678,2.3e-05,0.440,0.002,5,34.87
5460,10920,17,0.22,0.197,5.884,2.3e-05,0.466,0.002,4,34.87
5470,10940,17,0.22,0.111,5.901,2.3e-05,0.450,0.002,4,34.87
5480,10960,17,0.22,0.210,5.249,2.3e-05,0.441,0.002,5,34.87
5490,10980,17,0.22,0.183,6.558,2.3e-05,0.463,0.002,4,34.87
5500,11000,17,0.22,0.205,6.947,2.3e-05,0.439,0.002,5,34.87
5510,11020,17,0.22,0.138,5.709,2.3e-05,0.447,0.002,4,34.87
5520,11040,17,0.22,0.121,4.329,2.3e-05,0.444,0.002,4,34.87
5530,11060,17,0.22,0.265,7.450,2.3e-05,0.463,0.002,4,34.87
5540,11080,18,0.22,0.242,8.104,2.3e-05,0.445,0.002,4,34.87
5550,11100,18,0.22,0.135,4.783,2.3e-05,0.446,0.002,4,34.87
5560,11120,18,0.22,0.154,6.070,2.3e-05,0.459,0.002,4,34.87
5570,11140,18,0.22,0.321,8.422,2.3e-05,0.445,0.002,4,34.87
5580,11160,18,0.22,0.171,6.588,2.3e-05,0.441,0.002,5,34.87
5590,11180,18,0.22,0.133,5.931,2.3e-05,0.447,0.002,4,34.87
5600,11200,18,0.22,0.110,4.657,2.3e-05,0.462,0.002,4,34.87
5610,11220,18,0.22,0.177,5.920,2.3e-05,0.438,0.002,5,34.87
5620,11240,18,0.22,0.195,6.468,2.3e-05,0.445,0.002,4,34.87
5630,11260,18,0.22,0.112,4.642,2.3e-05,0.462,0.002,4,34.87
5640,11280,18,0.22,0.120,4.059,2.3e-05,0.444,0.002,4,34.87
5650,11300,18,0.22,0.166,6.457,2.3e-05,0.448,0.002,4,34.87
5660,11320,18,0.22,0.152,5.209,2.3e-05,0.446,0.002,4,34.87
5670,11340,18,0.22,0.129,5.344,2.3e-05,0.462,0.002,4,34.87
5680,11360,18,0.22,0.126,4.907,2.3e-05,0.442,0.002,5,34.87
5690,11380,18,0.22,0.160,5.194,2.3e-05,0.447,0.002,4,34.87
5700,11400,18,0.23,0.104,4.258,2.3e-05,0.437,0.002,5,34.87
5710,11420,18,0.23,0.160,5.665,2.3e-05,0.460,0.002,4,34.87
5720,11440,18,0.23,0.166,6.004,2.3e-05,0.433,0.002,5,34.87
5730,11460,18,0.23,0.208,6.998,2.3e-05,0.437,0.002,5,34.87
5740,11480,18,0.23,0.138,5.735,2.3e-05,0.452,0.002,4,34.87
5750,11500,18,0.23,0.169,6.144,2.3e-05,0.438,0.002,5,34.87
5760,11520,18,0.23,0.076,3.736,2.3e-05,0.439,0.002,5,34.87
5770,11540,18,0.23,0.108,4.274,2.3e-05,0.439,0.002,5,34.87
5780,11560,18,0.23,0.165,6.323,2.3e-05,0.460,0.002,4,34.87
5790,11580,18,0.23,0.095,4.642,2.3e-05,0.436,0.002,5,34.87
5800,11600,18,0.23,0.150,5.747,2.3e-05,0.440,0.002,5,34.87
5810,11620,18,0.23,0.244,7.457,2.3e-05,0.462,0.002,4,34.87
5820,11640,18,0.23,0.086,4.021,2.3e-05,0.444,0.002,4,34.87
5830,11660,18,0.23,0.164,5.038,2.3e-05,0.438,0.002,5,34.87
5840,11680,18,0.23,0.157,6.339,2.3e-05,0.440,0.002,5,34.87
5850,11700,18,0.23,0.096,3.781,2.3e-05,0.458,0.002,4,34.87
5860,11720,19,0.23,0.091,3.767,2.3e-05,0.437,0.002,5,34.87
5870,11740,19,0.23,0.103,4.368,2.3e-05,0.442,0.002,5,34.87
5880,11760,19,0.23,0.184,5.643,2.3e-05,0.458,0.002,4,34.87
5890,11780,19,0.23,0.097,4.258,2.3e-05,0.442,0.002,5,34.87
5900,11800,19,0.23,0.094,4.333,2.3e-05,0.441,0.002,5,34.87
5910,11820,19,0.23,0.183,6.061,2.3e-05,0.446,0.002,4,34.87
5920,11840,19,0.23,0.123,4.775,2.3e-05,0.459,0.002,4,34.87
5930,11860,19,0.23,0.140,5.407,2.3e-05,0.445,0.002,4,34.87
5940,11880,19,0.23,0.089,4.809,2.3e-05,0.447,0.002,4,34.87
5950,11900,19,0.24,0.107,4.373,2.3e-05,0.471,0.003,4,34.87
5960,11920,19,0.24,0.133,5.020,2.3e-05,0.447,0.003,4,34.87
5970,11940,19,0.24,0.102,4.609,2.3e-05,0.437,0.002,5,34.87
5980,11960,19,0.24,0.097,4.633,2.3e-05,0.441,0.002,5,34.87
5990,11980,19,0.24,0.157,6.001,2.3e-05,0.455,0.002,4,34.87
6000,12000,19,0.24,0.175,5.143,2.3e-05,0.435,0.002,5,34.87
6010,12020,19,0.24,0.138,4.946,2.3e-05,0.442,0.002,5,34.87
6020,12040,19,0.24,0.143,5.565,2.3e-05,0.436,0.002,5,34.87
6030,12060,19,0.24,0.181,7.087,2.3e-05,0.457,0.002,4,34.87
6040,12080,19,0.24,0.176,5.754,2.3e-05,0.436,0.002,5,34.87
6050,12100,19,0.24,0.129,4.741,2.3e-05,0.442,0.002,5,34.87
6060,12120,19,0.24,0.142,5.678,2.3e-05,0.460,0.002,4,34.87
6070,12140,19,0.24,0.073,3.414,2.3e-05,0.443,0.002,4,34.87
6080,12160,19,0.24,0.232,5.837,2.3e-05,0.447,0.002,4,34.87
6090,12180,19,0.24,0.179,5.306,2.3e-05,0.447,0.002,4,34.87
6100,12200,19,0.24,0.113,5.255,2.3e-05,0.460,0.002,4,34.87
6110,12220,19,0.24,0.111,4.889,2.3e-05,0.444,0.002,4,34.87
6120,12240,19,0.24,0.100,4.035,2.3e-05,0.438,0.002,5,34.87
6130,12260,19,0.24,0.152,5.653,2.3e-05,0.469,0.002,4,34.87
6140,12280,19,0.24,0.141,5.161,2.3e-05,0.436,0.002,5,34.87
6150,12300,19,0.24,0.219,7.779,2.3e-05,0.440,0.002,5,34.87
6160,12320,19,0.24,0.103,4.533,2.3e-05,0.431,0.002,5,34.87
6170,12340,20,0.24,0.096,4.732,2.3e-05,0.455,0.002,4,34.87
6180,12360,20,0.24,0.160,5.304,2.3e-05,0.433,0.002,5,34.87
6190,12380,20,0.24,0.113,4.656,2.3e-05,0.435,0.002,5,34.87
6200,12400,20,0.25,0.095,4.341,2.3e-05,0.455,0.002,4,34.87
6210,12420,20,0.25,0.158,5.395,2.3e-05,0.445,0.002,4,34.87
6220,12440,20,0.25,0.151,5.021,2.3e-05,0.442,0.002,5,34.87
6230,12460,20,0.25,0.153,5.837,2.3e-05,0.445,0.002,4,34.87
6240,12480,20,0.25,0.103,4.834,2.3e-05,0.456,0.002,4,34.87
6250,12500,20,0.25,0.105,4.964,2.3e-05,0.438,0.002,5,34.87
6260,12520,20,0.25,0.257,7.196,2.3e-05,0.433,0.002,5,34.87
6270,12540,20,0.25,0.201,6.242,2.3e-05,0.454,0.002,4,34.87
6280,12560,20,0.25,0.137,5.278,2.3e-05,0.438,0.002,5,34.87
6290,12580,20,0.25,0.102,3.925,2.3e-05,0.434,0.002,5,34.87
6300,12600,20,0.25,0.086,4.285,2.3e-05,0.441,0.002,5,34.87
6310,12620,20,0.25,0.173,5.303,2.3e-05,0.452,0.002,4,34.87
6320,12640,20,0.25,0.099,4.697,2.3e-05,0.436,0.002,5,34.87
6330,12660,20,0.25,0.105,4.158,2.3e-05,0.438,0.002,5,34.87
6340,12680,20,0.25,0.153,5.703,2.3e-05,0.456,0.002,4,34.87
6350,12700,20,0.25,0.231,6.263,2.3e-05,0.433,0.002,5,34.87
6360,12720,20,0.25,0.112,4.350,2.3e-05,0.439,0.002,5,34.87
6370,12740,20,0.25,0.132,4.906,2.3e-05,0.435,0.002,5,34.87
6380,12760,20,0.25,0.181,5.903,2.3e-05,0.448,0.002,4,34.87
6390,12780,20,0.25,0.114,4.604,2.3e-05,0.429,0.002,5,34.87
6400,12800,20,0.25,0.277,7.616,2.3e-05,0.433,0.002,5,34.87
6410,12820,20,0.25,0.122,5.452,2.3e-05,0.435,0.002,5,34.87
6420,12840,20,0.25,0.176,6.071,2.3e-05,0.459,0.002,4,34.87
6430,12860,20,0.25,0.154,4.872,2.3e-05,0.435,0.002,5,34.87
6440,12880,20,0.25,0.171,5.764,2.3e-05,0.432,0.002,5,34.87
6450,12900,20,0.25,0.085,3.319,2.3e-05,0.456,0.002,4,34.87
6460,12920,20,0.26,0.173,7.277,2.3e-05,0.436,0.002,5,34.87
6470,12940,20,0.26,0.132,5.506,2.3e-05,0.439,0.002,5,34.87
6480,12960,20,0.26,0.149,6.157,2.3e-05,0.436,0.002,5,34.87
6490,12980,21,0.26,0.178,6.538,2.3e-05,0.457,0.002,4,34.87
6500,13000,21,0.26,0.125,4.526,2.2e-05,0.432,0.002,5,34.87
6510,13020,21,0.26,0.118,4.720,2.2e-05,0.453,0.003,4,34.87
6520,13040,21,0.26,0.166,5.959,2.2e-05,0.455,0.002,4,34.87
6530,13060,21,0.26,0.104,4.513,2.2e-05,0.437,0.002,5,34.87
6540,13080,21,0.26,0.166,5.741,2.2e-05,0.436,0.002,5,34.87
6550,13100,21,0.26,0.079,4.110,2.2e-05,0.447,0.002,4,34.87
6560,13120,21,0.26,0.191,5.486,2.2e-05,0.436,0.002,5,34.87
6570,13140,21,0.26,0.077,3.869,2.2e-05,0.442,0.002,4,34.87
6580,13160,21,0.26,0.249,6.145,2.2e-05,0.440,0.002,5,34.87
6590,13180,21,0.26,0.133,5.213,2.2e-05,0.454,0.002,4,34.87
6600,13200,21,0.26,0.169,6.489,2.2e-05,0.438,0.002,5,34.87
6610,13220,21,0.26,0.172,6.054,2.2e-05,0.440,0.002,5,34.87
6620,13240,21,0.26,0.113,5.045,2.2e-05,0.447,0.002,4,34.87
6630,13260,21,0.26,0.122,4.848,2.2e-05,0.435,0.002,5,34.87
6640,13280,21,0.26,0.158,5.217,2.2e-05,0.441,0.002,5,34.87
6650,13300,21,0.26,0.163,5.812,2.2e-05,0.441,0.002,5,34.87
6660,13320,21,0.26,0.163,5.570,2.2e-05,0.454,0.002,4,34.87
6670,13340,21,0.26,0.119,4.725,2.2e-05,0.433,0.002,5,34.87
6680,13360,21,0.26,0.230,7.306,2.2e-05,0.439,0.002,5,34.87
6690,13380,21,0.26,0.108,4.737,2.2e-05,0.452,0.002,4,34.87
6700,13400,21,0.26,0.159,5.274,2.2e-05,0.436,0.002,5,34.87
6710,13420,21,0.27,0.149,5.613,2.2e-05,0.432,0.002,5,34.87
6720,13440,21,0.27,0.170,5.481,2.2e-05,0.440,0.002,5,34.87
6730,13460,21,0.27,0.169,5.414,2.2e-05,0.454,0.002,4,34.87
6740,13480,21,0.27,0.137,5.605,2.2e-05,0.437,0.002,5,34.87
6750,13500,21,0.27,0.157,6.340,2.2e-05,0.440,0.002,5,34.87
6760,13520,21,0.27,0.166,5.970,2.2e-05,0.440,0.002,5,34.87
6770,13540,21,0.27,0.110,3.923,2.2e-05,0.459,0.002,4,34.87
6780,13560,21,0.27,0.122,4.578,2.2e-05,0.438,0.002,5,34.87
6790,13580,21,0.27,0.153,5.398,2.2e-05,0.441,0.002,5,34.87
6800,13600,22,0.27,0.207,6.486,2.2e-05,0.456,0.002,4,34.87
6810,13620,22,0.27,0.083,4.079,2.2e-05,0.442,0.002,5,34.87
6820,13640,22,0.27,0.131,5.588,2.2e-05,0.437,0.002,5,34.87
6830,13660,22,0.27,0.167,6.314,2.2e-05,0.440,0.002,5,34.87
6840,13680,22,0.27,0.097,3.808,2.2e-05,0.458,0.002,4,34.87
6850,13700,22,0.27,0.190,5.213,2.2e-05,0.439,0.002,5,34.87
6860,13720,22,0.27,0.147,6.393,2.2e-05,0.435,0.002,5,34.87
6870,13740,22,0.27,0.177,6.551,2.2e-05,0.455,0.002,4,34.87
6880,13760,22,0.27,0.112,4.533,2.2e-05,0.438,0.002,5,34.87
6890,13780,22,0.27,0.093,4.446,2.2e-05,0.442,0.002,5,34.87
6900,13800,22,0.27,0.085,3.628,2.2e-05,0.426,0.002,5,34.87
6910,13820,22,0.27,0.094,3.738,2.2e-05,0.452,0.002,4,34.87
6920,13840,22,0.27,0.106,3.736,2.2e-05,0.441,0.002,5,34.87
6930,13860,22,0.27,0.124,4.962,2.2e-05,0.435,0.002,5,34.87
6940,13880,22,0.27,0.152,5.874,2.2e-05,0.449,0.002,4,34.87
6950,13900,22,0.27,0.136,5.622,2.2e-05,0.445,0.002,4,34.87
6960,13920,22,0.28,0.184,6.426,2.2e-05,0.436,0.002,5,34.87
6970,13940,22,0.28,0.142,5.996,2.2e-05,0.433,0.002,5,34.87
6980,13960,22,0.28,0.123,4.390,2.2e-05,0.452,0.002,4,34.87
6990,13980,22,0.28,0.128,6.376,2.2e-05,0.433,0.002,5,34.87
7000,14000,22,0.28,0.158,6.602,2.2e-05,0.430,0.002,5,34.87
7010,14020,22,0.28,0.183,6.880,2.2e-05,0.440,0.002,5,34.87
7020,14040,22,0.28,0.146,5.268,2.2e-05,0.427,0.002,5,34.87
7030,14060,22,0.28,0.089,4.249,2.2e-05,0.427,0.002,5,34.87
7040,14080,22,0.28,0.091,4.266,2.2e-05,0.434,0.002,5,34.87
7050,14100,22,0.28,0.152,5.749,2.2e-05,0.447,0.002,4,34.87
7060,14120,22,0.28,0.107,4.317,2.2e-05,0.437,0.002,5,34.87
7070,14140,22,0.28,0.122,4.568,2.2e-05,0.438,0.002,5,34.87
7080,14160,22,0.28,0.076,3.561,2.2e-05,0.448,0.002,4,34.87
7090,14180,22,0.28,0.094,3.685,2.2e-05,0.438,0.002,5,34.87
7100,14200,22,0.28,0.159,5.272,2.2e-05,0.437,0.002,5,34.87
7110,14220,22,0.28,0.131,5.008,2.2e-05,0.435,0.002,5,34.87
7120,14240,23,0.28,0.179,5.759,2.2e-05,0.450,0.002,4,34.87
7130,14260,23,0.28,0.158,6.229,2.2e-05,0.441,0.002,5,34.87
7140,14280,23,0.28,0.114,4.510,2.2e-05,0.444,0.002,4,34.87
7150,14300,23,0.28,0.127,4.545,2.2e-05,0.443,0.002,4,34.87
7160,14320,23,0.28,0.195,6.546,2.2e-05,0.454,0.002,4,34.87
7170,14340,23,0.28,0.156,5.147,2.2e-05,0.443,0.002,4,34.87
7180,14360,23,0.28,0.108,4.790,2.2e-05,0.441,0.002,5,34.87
7190,14380,23,0.28,0.120,4.361,2.2e-05,0.463,0.002,4,34.87
7200,14400,23,0.28,0.103,4.645,2.2e-05,0.450,0.002,4,34.87
7210,14420,23,0.29,0.108,4.188,2.2e-05,0.443,0.002,4,34.87
7220,14440,23,0.29,0.096,4.179,2.2e-05,0.446,0.002,4,34.87
7230,14460,23,0.29,0.129,5.425,2.2e-05,0.468,0.002,4,34.87
7240,14480,23,0.29,0.079,3.507,2.2e-05,0.447,0.002,4,34.87
7250,14500,23,0.29,0.154,5.857,2.2e-05,0.441,0.002,5,34.87
7260,14520,23,0.29,0.216,5.870,2.2e-05,0.459,0.002,4,34.87
7270,14540,23,0.29,0.162,6.724,2.2e-05,0.438,0.002,5,34.87
7280,14560,23,0.29,0.121,5.244,2.2e-05,0.432,0.002,5,34.87
7290,14580,23,0.29,0.109,4.390,2.2e-05,0.440,0.002,5,34.87
7300,14600,23,0.29,0.128,4.586,2.2e-05,0.459,0.002,4,34.87
7310,14620,23,0.29,0.143,4.710,2.2e-05,0.441,0.002,5,34.87
7320,14640,23,0.29,0.173,5.716,2.2e-05,0.438,0.002,5,34.87
7330,14660,23,0.29,0.159,5.797,2.2e-05,0.451,0.002,4,34.87
7340,14680,23,0.29,0.104,4.912,2.2e-05,0.433,0.002,5,34.87
7350,14700,23,0.29,0.129,5.719,2.2e-05,0.441,0.002,5,34.87
7360,14720,23,0.29,0.167,5.901,2.2e-05,0.434,0.002,5,34.87
7370,14740,23,0.29,0.176,5.968,2.2e-05,0.459,0.002,4,34.87
7380,14760,23,0.29,0.174,6.249,2.2e-05,0.438,0.002,5,34.87
7390,14780,23,0.29,0.175,5.623,2.2e-05,0.437,0.002,5,34.87
7400,14800,23,0.29,0.127,4.911,2.2e-05,0.450,0.002,4,34.87
7410,14820,23,0.29,0.203,6.549,2.2e-05,0.443,0.002,4,34.87
7420,14840,23,0.29,0.151,5.170,2.2e-05,0.441,0.002,5,34.87
7430,14860,23,0.29,0.131,4.653,2.2e-05,0.437,0.002,5,34.87
7440,14880,24,0.29,0.096,4.968,2.2e-05,0.461,0.002,4,34.87
7450,14900,24,0.29,0.098,4.430,2.2e-05,0.449,0.002,4,34.87
7460,14920,24,0.29,0.128,4.765,2.2e-05,0.450,0.002,4,34.87
7470,14940,24,0.30,0.139,6.077,2.2e-05,0.462,0.002,4,34.87
7480,14960,24,0.30,0.080,3.773,2.2e-05,0.442,0.002,5,34.87
7490,14980,24,0.30,0.100,3.991,2.2e-05,0.445,0.002,4,34.87
7500,15000,24,0.30,0.146,5.554,2.2e-05,0.446,0.002,4,34.87
7510,15020,24,0.30,0.135,4.579,2.2e-05,0.459,0.002,4,34.87
7520,15040,24,0.30,0.067,3.849,2.2e-05,0.440,0.002,5,34.87
7530,15060,24,0.30,0.117,4.779,2.2e-05,0.444,0.002,4,34.87
7540,15080,24,0.30,0.171,6.139,2.2e-05,0.443,0.002,4,34.87
7550,15100,24,0.30,0.163,4.871,2.2e-05,0.460,0.002,4,34.87
7560,15120,24,0.30,0.140,6.213,2.2e-05,0.436,0.002,5,34.87
7570,15140,24,0.30,0.067,3.881,2.2e-05,0.432,0.002,5,34.87
7580,15160,24,0.30,0.150,5.311,2.2e-05,0.456,0.002,4,34.87
7590,15180,24,0.30,0.117,4.785,2.2e-05,0.433,0.002,5,34.87
7600,15200,24,0.30,0.070,3.403,2.2e-05,0.431,0.002,5,34.87
7610,15220,24,0.30,0.135,6.136,2.2e-05,0.435,0.002,5,34.87
7620,15240,24,0.30,0.128,5.383,2.2e-05,0.453,0.002,4,34.87
7630,15260,24,0.30,0.111,4.851,2.2e-05,0.437,0.002,5,34.87
7640,15280,24,0.30,0.137,5.050,2.2e-05,0.434,0.002,5,34.87
7650,15300,24,0.30,0.068,3.273,2.2e-05,0.455,0.002,4,34.87
7660,15320,24,0.30,0.118,7.704,2.2e-05,0.444,0.002,4,34.87
7670,15340,24,0.30,0.154,5.138,2.2e-05,0.436,0.002,5,34.87
7680,15360,24,0.30,0.114,4.444,2.2e-05,0.438,0.002,5,34.87
7690,15380,24,0.30,0.123,5.138,2.2e-05,0.459,0.002,4,34.87
7700,15400,24,0.30,0.100,5.168,2.2e-05,0.438,0.002,5,34.87
7710,15420,24,0.30,0.124,4.963,2.2e-05,0.439,0.002,5,34.87
7720,15440,24,0.31,0.109,4.139,2.2e-05,0.462,0.002,4,34.87
7730,15460,24,0.31,0.178,5.721,2.2e-05,0.439,0.002,5,34.87
7740,15480,24,0.31,0.148,4.387,2.2e-05,0.446,0.002,4,34.87
7750,15500,25,0.31,0.129,4.444,2.1e-05,0.441,0.002,5,34.87
7760,15520,25,0.31,0.236,6.714,2.1e-05,0.462,0.002,4,34.87
7770,15540,25,0.31,0.124,4.421,2.1e-05,0.441,0.002,5,34.87
7780,15560,25,0.31,0.100,4.025,2.1e-05,0.446,0.002,4,34.87
7790,15580,25,0.31,0.152,5.440,2.1e-05,0.457,0.002,4,34.87
7800,15600,25,0.31,0.117,5.226,2.1e-05,0.443,0.002,4,34.87
7810,15620,25,0.31,0.131,5.124,2.1e-05,0.449,0.002,4,34.87
7820,15640,25,0.31,0.164,6.443,2.1e-05,0.444,0.002,4,34.87
7830,15660,25,0.31,0.131,5.203,2.1e-05,0.458,0.002,4,34.87
7840,15680,25,0.31,0.097,3.925,2.1e-05,0.444,0.002,4,34.87
7850,15700,25,0.31,0.142,5.935,2.1e-05,0.446,0.002,4,34.87
7860,15720,25,0.31,0.149,5.401,2.1e-05,0.444,0.002,4,34.87
7870,15740,25,0.31,0.147,6.137,2.1e-05,0.469,0.002,4,34.87
7880,15760,25,0.31,0.087,3.542,2.1e-05,0.465,0.002,4,34.87
7890,15780,25,0.31,0.114,3.723,2.1e-05,0.464,0.002,4,34.87
7900,15800,25,0.31,0.158,5.427,2.1e-05,0.479,0.002,4,34.87
7910,15820,25,0.31,0.136,5.583,2.1e-05,0.450,0.002,4,34.87
7920,15840,25,0.31,0.119,4.985,2.1e-05,0.448,0.002,4,34.87
7930,15860,25,0.31,0.077,3.184,2.1e-05,0.459,0.002,4,34.87
7940,15880,25,0.31,0.177,6.206,2.1e-05,0.438,0.002,5,34.87
7950,15900,25,0.31,0.208,6.823,2.1e-05,0.437,0.002,5,34.87
7960,15920,25,0.31,0.079,4.090,2.1e-05,0.444,0.002,4,34.87
7970,15940,25,0.32,0.125,5.119,2.1e-05,0.462,0.002,4,34.87
7980,15960,25,0.32,0.122,4.467,2.1e-05,0.440,0.002,5,34.87
7990,15980,25,0.32,0.140,6.006,2.1e-05,0.440,0.002,5,34.87
8000,16000,25,0.32,0.128,5.292,2.1e-05,0.440,0.002,5,34.87
8010,16020,25,0.32,0.091,4.159,2.1e-05,0.459,0.002,4,34.87
8020,16040,25,0.32,0.194,6.842,2.1e-05,0.442,0.002,5,34.87
8030,16060,25,0.32,0.073,4.015,2.1e-05,0.441,0.002,5,34.87
8040,16080,25,0.32,0.106,4.632,2.1e-05,0.459,0.002,4,34.87
8050,16100,25,0.32,0.148,5.599,2.1e-05,0.440,0.002,5,34.87
8060,16120,25,0.32,0.084,4.146,2.1e-05,0.436,0.002,5,34.87
8070,16140,26,0.32,0.155,5.763,2.1e-05,0.434,0.002,5,34.87
8080,16160,26,0.32,0.094,3.434,2.1e-05,0.458,0.002,4,34.87
8090,16180,26,0.32,0.143,6.028,2.1e-05,0.447,0.002,4,34.87
8100,16200,26,0.32,0.085,4.338,2.1e-05,0.442,0.002,5,34.87
8110,16220,26,0.32,0.136,5.925,2.1e-05,0.464,0.002,4,34.87
8120,16240,26,0.32,0.097,4.025,2.1e-05,0.441,0.002,5,34.87
8130,16260,26,0.32,0.182,6.261,2.1e-05,0.440,0.002,5,34.87
8140,16280,26,0.32,0.094,4.035,2.1e-05,0.440,0.002,5,34.87
8150,16300,26,0.32,0.171,5.001,2.1e-05,0.462,0.002,4,34.87
8160,16320,26,0.32,0.262,7.249,2.1e-05,0.453,0.002,4,34.87
8170,16340,26,0.32,0.148,5.004,2.1e-05,0.440,0.002,5,34.87
8180,16360,26,0.32,0.105,4.530,2.1e-05,0.464,0.002,4,34.87
8190,16380,26,0.32,0.083,3.708,2.1e-05,0.445,0.002,4,34.87
8200,16400,26,0.32,0.098,4.425,2.1e-05,0.437,0.002,5,34.87
8210,16420,26,0.32,0.187,5.875,2.1e-05,0.435,0.002,5,34.87
8220,16440,26,0.32,0.104,4.688,2.1e-05,0.457,0.002,4,34.87
8230,16460,26,0.33,0.123,5.447,2.1e-05,0.436,0.002,5,34.87
8240,16480,26,0.33,0.120,4.674,2.1e-05,0.435,0.002,5,34.87
8250,16500,26,0.33,0.117,5.277,2.1e-05,0.456,0.002,4,34.87
8260,16520,26,0.33,0.138,5.699,2.1e-05,0.447,0.002,4,34.87
8270,16540,26,0.33,0.101,5.087,2.1e-05,0.450,0.002,4,34.87
8280,16560,26,0.33,0.083,4.538,2.1e-05,0.439,0.002,5,34.87
8290,16580,26,0.33,0.113,4.608,2.1e-05,0.463,0.002,4,34.87
8300,16600,26,0.33,0.091,3.672,2.1e-05,0.439,0.002,5,34.87
8310,16620,26,0.33,0.118,4.352,2.1e-05,0.443,0.002,4,34.87
8320,16640,26,0.33,0.182,6.125,2.1e-05,0.459,0.002,4,34.87
8330,16660,26,0.33,0.166,5.451,2.1e-05,0.438,0.002,5,34.87
8340,16680,26,0.33,0.084,3.704,2.1e-05,0.447,0.002,4,34.87
8350,16700,26,0.33,0.100,4.128,2.1e-05,0.444,0.002,4,34.87
8360,16720,26,0.33,0.139,6.230,2.1e-05,0.452,0.002,4,34.87
8370,16740,26,0.33,0.108,4.895,2.1e-05,0.437,0.002,5,34.87
8380,16760,27,0.33,0.138,4.704,2.1e-05,0.442,0.002,5,34.87
8390,16780,27,0.33,0.127,4.649,2.1e-05,0.436,0.002,5,34.87
8400,16800,27,0.33,0.091,4.308,2.1e-05,0.458,0.002,4,34.87
8410,16820,27,0.33,0.107,3.914,2.1e-05,0.442,0.002,5,34.87
8420,16840,27,0.33,0.087,3.927,2.1e-05,0.443,0.002,4,34.87
8430,16860,27,0.33,0.187,7.981,2.1e-05,0.461,0.002,4,34.87
8440,16880,27,0.33,0.163,4.795,2.1e-05,0.439,0.002,5,34.87
8450,16900,27,0.33,0.102,4.407,2.1e-05,0.435,0.002,5,34.87
8460,16920,27,0.33,0.146,5.380,2.1e-05,0.440,0.002,5,34.87
8470,16940,27,0.33,0.112,5.011,2.1e-05,0.464,0.002,4,34.87
8480,16960,27,0.34,0.095,4.013,2.1e-05,0.436,0.002,5,34.87
8490,16980,27,0.34,0.075,4.150,2.1e-05,0.439,0.002,5,34.87
8500,17000,27,0.34,0.094,3.689,2.1e-05,0.460,0.002,4,34.87
8510,17020,27,0.34,0.092,3.810,2.1e-05,0.440,0.002,5,34.87
8520,17040,27,0.34,0.158,6.286,2.1e-05,0.439,0.002,5,34.87
8530,17060,27,0.34,0.104,4.145,2.1e-05,0.442,0.002,4,34.87
8540,17080,27,0.34,0.110,4.559,2.1e-05,0.462,0.002,4,34.87
8550,17100,27,0.34,0.092,3.651,2.1e-05,0.440,0.002,5,34.87
8560,17120,27,0.34,0.146,6.798,2.1e-05,0.440,0.002,5,34.87
8570,17140,27,0.34,0.290,6.938,2.1e-05,0.455,0.002,4,34.87
8580,17160,27,0.34,0.132,4.263,2.1e-05,0.443,0.002,4,34.87
8590,17180,27,0.34,0.132,4.775,2.1e-05,0.447,0.002,4,34.87
8600,17200,27,0.34,0.086,4.024,2.1e-05,0.438,0.002,5,34.87
8610,17220,27,0.34,0.082,4.421,2.1e-05,0.457,0.002,4,34.87
8620,17240,27,0.34,0.076,3.605,2.1e-05,0.440,0.002,5,34.87
8630,17260,27,0.34,0.175,6.793,2.1e-05,0.437,0.002,5,34.87
8640,17280,27,0.34,0.189,6.069,2.1e-05,0.450,0.002,4,34.87
8650,17300,27,0.34,0.140,5.918,2.1e-05,0.441,0.002,5,34.87
8660,17320,27,0.34,0.124,5.166,2.1e-05,0.440,0.002,5,34.87
8670,17340,27,0.34,0.110,5.266,2.1e-05,0.440,0.002,5,34.87
8680,17360,27,0.34,0.110,4.564,2.1e-05,0.451,0.002,4,34.87
8690,17380,27,0.34,0.082,3.451,2.1e-05,0.440,0.002,5,34.87
8700,17400,28,0.34,0.145,6.148,2.1e-05,0.436,0.002,5,34.87
8710,17420,28,0.34,0.091,3.410,2.1e-05,0.452,0.002,4,34.87
8720,17440,28,0.34,0.136,5.586,2.1e-05,0.440,0.002,5,34.87
8730,17460,28,0.35,0.109,4.216,2.1e-05,0.441,0.002,5,34.87
8740,17480,28,0.35,0.118,5.115,2.1e-05,0.445,0.002,4,34.87
8750,17500,28,0.35,0.107,5.100,2.1e-05,0.457,0.002,4,34.87
8760,17520,28,0.35,0.147,5.960,2.1e-05,0.441,0.002,5,34.87
8770,17540,28,0.35,0.100,3.928,2.1e-05,0.443,0.002,4,34.87
8780,17560,28,0.35,0.129,4.642,2.1e-05,0.440,0.002,5,34.87
8790,17580,28,0.35,0.142,5.510,2.1e-05,0.461,0.002,4,34.87
8800,17600,28,0.35,0.268,9.202,2.1e-05,0.440,0.002,5,34.87
8810,17620,28,0.35,0.111,4.156,2.1e-05,0.443,0.002,4,34.87
8820,17640,28,0.35,0.126,3.928,2.1e-05,0.460,0.002,4,34.87
8830,17660,28,0.35,0.105,4.716,2.1e-05,0.442,0.002,5,34.87
8840,17680,28,0.35,0.126,5.480,2.1e-05,0.445,0.002,4,34.87
8850,17700,28,0.35,0.093,4.219,2.1e-05,0.445,0.002,4,34.87
8860,17720,28,0.35,0.124,4.095,2.0e-05,0.469,0.002,4,34.87
8870,17740,28,0.35,0.092,4.104,2.0e-05,0.443,0.002,4,34.87
8880,17760,28,0.35,0.160,6.210,2.0e-05,0.440,0.002,5,34.87
8890,17780,28,0.35,0.160,6.108,2.0e-05,0.464,0.002,4,34.87
8900,17800,28,0.35,0.144,5.950,2.0e-05,0.440,0.002,5,34.87
8910,17820,28,0.35,0.137,5.773,2.0e-05,0.436,0.002,5,34.87
8920,17840,28,0.35,0.095,4.274,2.0e-05,0.441,0.002,5,34.87
8930,17860,28,0.35,0.080,4.110,2.0e-05,0.463,0.002,4,34.87
8940,17880,28,0.35,0.181,5.918,2.0e-05,0.439,0.002,5,34.87
8950,17900,28,0.35,0.142,5.769,2.0e-05,0.440,0.002,5,34.87
8960,17920,28,0.35,0.086,3.708,2.0e-05,0.462,0.002,4,34.87
8970,17940,28,0.35,0.124,5.558,2.0e-05,0.446,0.002,4,34.87
8980,17960,28,0.35,0.131,5.244,2.0e-05,0.441,0.002,5,34.87
8990,17980,28,0.36,0.155,5.627,2.0e-05,0.444,0.002,4,34.87
9000,18000,28,0.36,0.094,3.927,2.0e-05,0.465,0.002,4,34.87
9010,18020,28,0.36,0.134,4.866,2.0e-05,0.443,0.002,4,34.87
9020,18040,29,0.36,0.165,5.285,2.0e-05,0.441,0.002,5,34.87
9030,18060,29,0.36,0.096,4.078,2.0e-05,0.457,0.002,4,34.87
9040,18080,29,0.36,0.123,4.645,2.0e-05,0.449,0.002,4,34.87
9050,18100,29,0.36,0.210,6.168,2.0e-05,0.441,0.002,5,34.87
9060,18120,29,0.36,0.123,4.604,2.0e-05,0.440,0.002,5,34.87
9070,18140,29,0.36,0.095,4.347,2.0e-05,0.461,0.002,4,34.87
9080,18160,29,0.36,0.180,6.718,2.0e-05,0.448,0.002,4,34.87
9090,18180,29,0.36,0.151,5.412,2.0e-05,0.443,0.002,4,34.87
9100,18200,29,0.36,0.126,5.277,2.0e-05,0.454,0.002,4,34.87
9110,18220,29,0.36,0.091,3.938,2.0e-05,0.445,0.002,4,34.87
9120,18240,29,0.36,0.153,5.078,2.0e-05,0.447,0.002,4,34.87
9130,18260,29,0.36,0.123,5.055,2.0e-05,0.443,0.002,4,34.87
9140,18280,29,0.36,0.136,5.903,2.0e-05,0.461,0.002,4,34.87
9150,18300,29,0.36,0.115,4.785,2.0e-05,0.440,0.002,5,34.87
9160,18320,29,0.36,0.113,5.036,2.0e-05,0.441,0.002,5,34.87
9170,18340,29,0.36,0.096,4.392,2.0e-05,0.442,0.002,4,34.87
9180,18360,29,0.36,0.157,5.749,2.0e-05,0.457,0.002,4,34.87
9190,18380,29,0.36,0.132,5.359,2.0e-05,0.438,0.002,5,34.87
9200,18400,29,0.36,0.101,4.202,2.0e-05,0.449,0.002,4,34.87
9210,18420,29,0.36,0.184,5.788,2.0e-05,0.462,0.002,4,34.87
9220,18440,29,0.36,0.124,5.007,2.0e-05,0.443,0.002,4,34.87
9230,18460,29,0.36,0.151,5.682,2.0e-05,0.448,0.002,4,34.87
9240,18480,29,0.37,0.111,4.135,2.0e-05,0.441,0.002,5,34.87
9250,18500,29,0.37,0.076,3.615,2.0e-05,0.458,0.002,4,34.87
9260,18520,29,0.37,0.124,5.160,2.0e-05,0.440,0.002,5,34.87
9270,18540,29,0.37,0.144,5.527,2.0e-05,0.435,0.002,5,34.87
9280,18560,29,0.37,0.084,3.369,2.0e-05,0.461,0.002,4,34.87
9290,18580,29,0.37,0.133,5.357,2.0e-05,0.448,0.002,4,34.87
9300,18600,29,0.37,0.091,4.371,2.0e-05,0.439,0.002,5,34.87
9310,18620,29,0.37,0.084,3.674,2.0e-05,0.439,0.002,5,34.87
9320,18640,29,0.37,0.154,5.887,2.0e-05,0.456,0.002,4,34.87
9330,18660,30,0.37,0.092,4.007,2.0e-05,0.449,0.002,4,34.87
9340,18680,30,0.37,0.080,3.241,2.0e-05,0.439,0.002,5,34.87
9350,18700,30,0.37,0.149,5.517,2.0e-05,0.453,0.002,4,34.87
9360,18720,30,0.37,0.132,5.713,2.0e-05,0.443,0.002,4,34.87
9370,18740,30,0.37,0.107,4.585,2.0e-05,0.440,0.002,5,34.87
9380,18760,30,0.37,0.118,4.773,2.0e-05,0.444,0.002,4,34.87
9390,18780,30,0.37,0.206,8.375,2.0e-05,0.456,0.002,4,34.87
9400,18800,30,0.37,0.088,3.790,2.0e-05,0.444,0.002,4,34.87
9410,18820,30,0.37,0.116,4.891,2.0e-05,0.438,0.002,5,34.87
9420,18840,30,0.37,0.116,5.035,2.0e-05,0.461,0.002,4,34.87
9430,18860,30,0.37,0.166,5.717,2.0e-05,0.458,0.002,4,34.87
9440,18880,30,0.37,0.087,4.285,2.0e-05,0.453,0.002,4,34.87
9450,18900,30,0.37,0.110,4.235,2.0e-05,0.449,0.002,4,34.87
9460,18920,30,0.37,0.141,5.372,2.0e-05,0.462,0.002,4,34.87
9470,18940,30,0.37,0.128,4.912,2.0e-05,0.453,0.002,4,34.87
9480,18960,30,0.37,0.132,4.957,2.0e-05,0.444,0.002,4,34.87
9490,18980,30,0.38,0.189,7.934,2.0e-05,0.465,0.002,4,34.87
9500,19000,30,0.38,0.113,4.662,2.0e-05,0.451,0.002,4,34.87
9510,19020,30,0.38,0.082,3.350,2.0e-05,0.449,0.002,4,34.87
9520,19040,30,0.38,0.075,3.387,2.0e-05,0.443,0.002,4,34.87
9530,19060,30,0.38,0.183,6.389,2.0e-05,0.459,0.002,4,34.87
9540,19080,30,0.38,0.106,4.376,2.0e-05,0.437,0.002,5,34.87
9550,19100,30,0.38,0.116,4.693,2.0e-05,0.447,0.002,4,34.87
9560,19120,30,0.38,0.097,4.744,2.0e-05,0.455,0.002,4,34.87
9570,19140,30,0.38,0.117,4.978,2.0e-05,0.474,0.002,4,34.87
9580,19160,30,0.38,0.101,4.436,2.0e-05,0.444,0.002,4,34.87
9590,19180,30,0.38,0.097,4.413,2.0e-05,0.445,0.002,4,34.87
9600,19200,30,0.38,0.136,4.896,2.0e-05,0.468,0.002,4,34.87
9610,19220,30,0.38,0.088,3.579,2.0e-05,0.436,0.002,5,34.87
9620,19240,30,0.38,0.089,4.322,2.0e-05,0.441,0.002,5,34.87
9630,19260,30,0.38,0.112,4.343,2.0e-05,0.444,0.002,4,34.87
9640,19280,30,0.38,0.111,5.150,2.0e-05,0.463,0.002,4,34.87
9650,19300,31,0.38,0.110,4.658,2.0e-05,0.446,0.002,4,34.87
9660,19320,31,0.38,0.078,3.766,2.0e-05,0.436,0.002,5,34.87
9670,19340,31,0.38,0.113,4.446,2.0e-05,0.458,0.002,4,34.87
9680,19360,31,0.38,0.104,4.635,2.0e-05,0.445,0.002,4,34.87
9690,19380,31,0.38,0.086,3.315,2.0e-05,0.442,0.002,4,34.87
9700,19400,31,0.38,0.089,4.106,2.0e-05,0.444,0.002,4,34.87
9710,19420,31,0.38,0.131,5.452,2.0e-05,0.458,0.002,4,34.87
9720,19440,31,0.38,0.101,4.098,2.0e-05,0.439,0.002,5,34.87
9730,19460,31,0.38,0.107,4.432,2.0e-05,0.440,0.002,5,34.87
9740,19480,31,0.39,0.133,4.848,2.0e-05,0.466,0.002,4,34.87
9750,19500,31,0.39,0.103,4.349,2.0e-05,0.444,0.002,4,34.87
9760,19520,31,0.39,0.111,4.319,2.0e-05,0.440,0.002,5,34.87
9770,19540,31,0.39,0.103,4.259,2.0e-05,0.439,0.002,5,34.87
9780,19560,31,0.39,0.188,6.343,2.0e-05,0.464,0.002,4,34.87
9790,19580,31,0.39,0.102,3.621,2.0e-05,0.442,0.002,5,34.87
9800,19600,31,0.39,0.092,3.770,2.0e-05,0.446,0.002,4,34.87
9810,19620,31,0.39,0.098,4.025,2.0e-05,0.462,0.002,4,34.87
9820,19640,31,0.39,0.177,6.480,2.0e-05,0.444,0.002,4,34.87
9830,19660,31,0.39,0.081,3.636,2.0e-05,0.448,0.002,4,34.87
9840,19680,31,0.39,0.103,3.995,2.0e-05,0.441,0.002,5,34.87
9850,19700,31,0.39,0.074,3.477,2.0e-05,0.455,0.002,4,34.87
9860,19720,31,0.39,0.104,4.194,2.0e-05,0.442,0.002,5,34.87
9870,19740,31,0.39,0.188,6.296,2.0e-05,0.442,0.002,5,34.87
9880,19760,31,0.39,0.110,4.167,2.0e-05,0.461,0.002,4,34.87
9890,19780,31,0.39,0.159,5.571,1.9e-05,0.442,0.002,5,34.87
9900,19800,31,0.39,0.116,4.668,1.9e-05,0.443,0.002,4,34.87
9910,19820,31,0.39,0.124,5.587,1.9e-05,0.439,0.002,5,34.87
9920,19840,31,0.39,0.091,3.925,1.9e-05,0.462,0.002,4,34.87
9930,19860,31,0.39,0.090,3.891,1.9e-05,0.439,0.002,5,34.87
9940,19880,31,0.39,0.134,4.831,1.9e-05,0.445,0.002,4,34.87
9950,19900,31,0.39,0.123,4.539,1.9e-05,0.444,0.002,4,34.87
9960,19920,31,0.39,0.159,5.333,1.9e-05,0.463,0.002,4,34.87
9970,19940,32,0.39,0.146,5.713,1.9e-05,0.438,0.002,5,34.87
9980,19960,32,0.39,0.131,4.916,1.9e-05,0.440,0.002,5,34.87
9990,19980,32,0.39,0.129,5.254,1.9e-05,0.462,0.002,4,34.87
10000,20000,32,0.40,0.121,4.869,1.9e-05,0.449,0.002,4,34.87
10010,20020,32,0.40,0.111,3.693,1.9e-05,0.438,0.002,5,34.87
10020,20040,32,0.40,0.064,3.413,1.9e-05,0.448,0.002,4,34.87
10030,20060,32,0.40,0.141,7.117,1.9e-05,0.465,0.002,4,34.87
10040,20080,32,0.40,0.080,3.423,1.9e-05,0.436,0.002,5,34.87
10050,20100,32,0.40,0.148,4.986,1.9e-05,0.442,0.002,5,34.87
10060,20120,32,0.40,0.139,4.502,1.9e-05,0.462,0.002,4,34.87
10070,20140,32,0.40,0.110,4.936,1.9e-05,0.448,0.002,4,34.87
10080,20160,32,0.40,0.093,3.600,1.9e-05,0.437,0.002,5,34.87
10090,20180,32,0.40,0.097,4.228,1.9e-05,0.441,0.002,5,34.87
10100,20200,32,0.40,0.109,4.882,1.9e-05,0.459,0.002,4,34.87
10110,20220,32,0.40,0.108,4.400,1.9e-05,0.443,0.002,4,34.87
10120,20240,32,0.40,0.075,3.903,1.9e-05,0.438,0.002,5,34.87
10130,20260,32,0.40,0.176,5.724,1.9e-05,0.457,0.002,4,34.87
10140,20280,32,0.40,0.080,4.123,1.9e-05,0.443,0.002,4,34.87
10150,20300,32,0.40,0.117,4.306,1.9e-05,2.103,0.002,1,34.87
10160,20320,32,0.40,0.087,3.893,1.9e-05,0.439,0.002,5,34.87
10170,20340,32,0.40,0.086,4.389,1.9e-05,0.459,0.002,4,34.87
10180,20360,32,0.40,0.166,8.553,1.9e-05,0.442,0.002,5,34.87
10190,20380,32,0.40,0.109,3.625,1.9e-05,0.448,0.002,4,34.87
10200,20400,32,0.40,0.092,3.903,1.9e-05,0.458,0.002,4,34.87
10210,20420,32,0.40,0.155,4.912,1.9e-05,0.444,0.002,4,34.87
10220,20440,32,0.40,0.121,5.088,1.9e-05,0.446,0.002,4,34.87
10230,20460,32,0.40,0.074,4.039,1.9e-05,0.441,0.002,5,34.87
10240,20480,32,0.40,0.156,5.888,1.9e-05,0.461,0.002,4,34.87
10250,20500,32,0.41,0.095,3.937,1.9e-05,0.438,0.002,5,34.87
10260,20520,32,0.41,0.137,5.505,1.9e-05,0.441,0.002,5,34.87
10270,20540,32,0.41,0.157,6.143,1.9e-05,0.458,0.002,4,34.87
10280,20560,33,0.41,0.130,5.872,1.9e-05,0.444,0.002,4,34.87
10290,20580,33,0.41,0.081,3.538,1.9e-05,0.443,0.002,4,34.87
10300,20600,33,0.41,0.140,5.307,1.9e-05,0.437,0.002,5,34.87
10310,20620,33,0.41,0.118,4.600,1.9e-05,0.457,0.002,4,34.87
10320,20640,33,0.41,0.112,4.624,1.9e-05,0.443,0.002,4,34.87
10330,20660,33,0.41,0.192,8.150,1.9e-05,0.451,0.002,4,34.87
10340,20680,33,0.41,0.122,5.016,1.9e-05,0.439,0.002,5,34.87
10350,20700,33,0.41,0.174,6.220,1.9e-05,0.460,0.002,4,34.87
10360,20720,33,0.41,0.100,3.964,1.9e-05,0.442,0.002,5,34.87
10370,20740,33,0.41,0.169,4.892,1.9e-05,0.445,0.002,4,34.87
10380,20760,33,0.41,0.132,4.305,1.9e-05,0.466,0.002,4,34.87
10390,20780,33,0.41,0.129,5.441,1.9e-05,0.441,0.002,5,34.87
10400,20800,33,0.41,0.103,3.991,1.9e-05,0.447,0.002,4,34.87
10410,20820,33,0.41,0.134,4.785,1.9e-05,0.443,0.002,4,34.87
10420,20840,33,0.41,0.111,4.099,1.9e-05,0.467,0.002,4,34.87
10430,20860,33,0.41,0.173,7.266,1.9e-05,0.443,0.002,4,34.87
10440,20880,33,0.41,0.140,5.395,1.9e-05,0.439,0.002,5,34.87
10450,20900,33,0.41,0.109,5.179,1.9e-05,0.463,0.002,4,34.87
10460,20920,33,0.41,0.126,5.095,1.9e-05,0.446,0.002,4,34.87
10470,20940,33,0.41,0.116,4.334,1.9e-05,0.435,0.002,5,34.87
10480,20960,33,0.41,0.112,4.497,1.9e-05,0.449,0.002,4,34.87
10490,20980,33,0.41,0.115,4.487,1.9e-05,0.498,0.003,4,34.87
10500,21000,33,0.42,0.118,4.970,1.9e-05,0.466,0.003,4,34.87
10510,21020,33,0.42,0.197,6.507,1.9e-05,0.467,0.003,4,34.87
10520,21040,33,0.42,0.119,3.991,1.9e-05,0.483,0.002,4,34.87
10530,21060,33,0.42,0.087,4.395,1.9e-05,0.489,0.003,4,34.87
10540,21080,33,0.42,0.122,4.294,1.9e-05,0.466,0.003,4,34.87
10550,21100,33,0.42,0.121,4.638,1.9e-05,0.466,0.002,4,34.87
10560,21120,33,0.42,0.148,6.151,1.9e-05,0.484,0.003,4,34.87
10570,21140,33,0.42,0.113,4.601,1.9e-05,0.476,0.003,4,34.87
10580,21160,33,0.42,0.126,5.036,1.9e-05,0.467,0.003,4,34.87
10590,21180,33,0.42,0.213,6.414,1.9e-05,0.491,0.003,4,34.87
10600,21200,34,0.42,0.083,3.679,1.9e-05,0.475,0.003,4,34.87
10610,21220,34,0.42,0.102,4.254,1.9e-05,0.467,0.003,4,34.87
10620,21240,34,0.42,0.118,4.676,1.9e-05,0.474,0.003,4,34.87
10630,21260,34,0.42,0.132,4.856,1.9e-05,0.480,0.003,4,34.87
10640,21280,34,0.42,0.110,5.143,1.9e-05,0.471,0.003,4,34.87
10650,21300,34,0.42,0.142,5.578,1.9e-05,0.477,0.003,4,34.87
10660,21320,34,0.42,0.100,4.197,1.9e-05,0.494,0.003,4,34.87
10670,21340,34,0.42,0.112,4.757,1.9e-05,0.447,0.002,4,34.87
10680,21360,34,0.42,0.094,4.034,1.9e-05,0.444,0.002,4,34.87
10690,21380,34,0.42,0.179,6.655,1.9e-05,0.445,0.002,4,34.87
10700,21400,34,0.42,0.111,3.955,1.9e-05,0.474,0.002,4,34.87
10710,21420,34,0.42,0.125,4.627,1.9e-05,0.459,0.003,4,34.87
10720,21440,34,0.42,0.091,4.197,1.9e-05,0.448,0.002,4,34.87
10730,21460,34,0.42,0.119,5.167,1.9e-05,0.486,0.003,4,34.87
10740,21480,34,0.42,0.125,5.694,1.9e-05,0.457,0.003,4,34.87
10750,21500,34,0.42,0.126,4.519,1.9e-05,0.451,0.003,4,34.87
10760,21520,34,0.43,0.118,4.582,1.9e-05,0.473,0.003,4,34.87
10770,21540,34,0.43,0.089,4.270,1.9e-05,0.504,0.003,4,34.87
10780,21560,34,0.43,0.078,3.780,1.9e-05,0.463,0.003,4,34.87
10790,21580,34,0.43,0.110,4.454,1.9e-05,0.453,0.003,4,34.87
10800,21600,34,0.43,0.202,6.483,1.9e-05,0.462,0.003,4,34.87
10810,21620,34,0.43,0.066,3.311,1.9e-05,0.502,0.003,4,34.87
10820,21640,34,0.43,0.084,3.888,1.9e-05,0.472,0.003,4,34.87
10830,21660,34,0.43,0.125,5.591,1.9e-05,0.453,0.003,4,34.87
10840,21680,34,0.43,0.072,3.533,1.9e-05,0.497,0.003,4,34.87
10850,21700,34,0.43,0.123,5.630,1.8e-05,0.472,0.003,4,34.87
10860,21720,34,0.43,0.089,4.000,1.8e-05,0.466,0.003,4,34.87
10870,21740,34,0.43,0.110,4.752,1.8e-05,0.459,0.003,4,34.87
10880,21760,34,0.43,0.119,4.819,1.8e-05,0.500,0.003,4,34.87
10890,21780,34,0.43,0.119,5.131,1.8e-05,0.470,0.003,4,34.87
10900,21800,34,0.43,0.119,4.937,1.8e-05,0.467,0.003,4,34.87
10910,21820,35,0.43,0.107,4.787,1.8e-05,0.491,0.003,4,34.87
10920,21840,35,0.43,0.070,3.365,1.8e-05,0.470,0.003,4,34.87
10930,21860,35,0.43,0.197,7.741,1.8e-05,0.469,0.003,4,34.87
10940,21880,35,0.43,0.165,5.503,1.8e-05,0.464,0.003,4,34.87
10950,21900,35,0.43,0.117,5.083,1.8e-05,0.483,0.003,4,34.87
10960,21920,35,0.43,0.128,4.749,1.8e-05,0.473,0.003,4,34.87
10970,21940,35,0.43,0.113,4.507,1.8e-05,0.466,0.003,4,34.87
10980,21960,35,0.43,0.126,4.844,1.8e-05,0.479,0.003,4,34.87
10990,21980,35,0.43,0.135,4.712,1.8e-05,0.471,0.003,4,34.87
11000,22000,35,0.43,0.174,8.331,1.8e-05,0.473,0.003,4,34.87
11010,22020,35,0.44,0.067,3.454,1.8e-05,0.473,0.003,4,34.87
11020,22040,35,0.44,0.056,3.316,1.8e-05,0.486,0.003,4,34.87
11030,22060,35,0.44,0.125,5.133,1.8e-05,0.475,0.003,4,34.87
11040,22080,35,0.44,0.149,5.001,1.8e-05,0.470,0.003,4,34.87
11050,22100,35,0.44,0.128,5.433,1.8e-05,0.494,0.003,4,34.87
11060,22120,35,0.44,0.096,4.602,1.8e-05,0.441,0.002,5,34.87
11070,22140,35,0.44,0.133,5.669,1.8e-05,0.445,0.002,4,34.87
11080,22160,35,0.44,0.128,4.760,1.8e-05,0.445,0.002,4,34.87
11090,22180,35,0.44,0.203,11.047,1.8e-05,0.465,0.002,4,34.87
11100,22200,35,0.44,0.197,7.965,1.8e-05,0.446,0.002,4,34.87
11110,22220,35,0.44,0.093,3.419,1.8e-05,0.470,0.003,4,34.87
11120,22240,35,0.44,0.093,4.604,1.8e-05,0.465,0.003,4,34.87
11130,22260,35,0.44,0.108,4.205,1.8e-05,0.498,0.003,4,34.87
11140,22280,35,0.44,0.213,6.594,1.8e-05,0.456,0.003,4,34.87
11150,22300,35,0.44,0.122,4.973,1.8e-05,0.470,0.003,4,34.87
11160,22320,35,0.44,0.105,4.400,1.8e-05,0.500,0.003,4,34.87
11170,22340,35,0.44,0.169,6.101,1.8e-05,0.474,0.003,4,34.87
11180,22360,35,0.44,0.113,3.963,1.8e-05,0.456,0.003,4,34.87
11190,22380,35,0.44,0.135,4.588,1.8e-05,0.469,0.003,4,34.87
11200,22400,35,0.44,0.126,6.421,1.8e-05,0.500,0.003,4,34.87
11210,22420,35,0.44,0.095,4.447,1.8e-05,0.464,0.003,4,34.87
11220,22440,35,0.44,0.072,4.007,1.8e-05,0.452,0.003,4,34.87
11230,22460,36,0.44,0.195,6.365,1.8e-05,0.505,0.003,4,34.87
11240,22480,36,0.44,0.080,3.731,1.8e-05,0.472,0.003,4,34.87
11250,22500,36,0.44,0.187,6.749,1.8e-05,0.467,0.003,4,34.87
11260,22520,36,0.45,0.093,4.407,1.8e-05,0.461,0.003,4,34.87
11270,22540,36,0.45,0.155,6.274,1.8e-05,0.502,0.003,4,34.87
11280,22560,36,0.45,0.113,4.985,1.8e-05,0.476,0.003,4,34.87
11290,22580,36,0.45,0.091,3.846,1.8e-05,0.470,0.003,4,34.87
11300,22600,36,0.45,0.068,3.361,1.8e-05,0.491,0.003,4,34.87
11310,22620,36,0.45,0.149,5.494,1.8e-05,0.467,0.003,4,34.87
11320,22640,36,0.45,0.181,6.598,1.8e-05,0.467,0.003,4,34.87
11330,22660,36,0.45,0.114,5.014,1.8e-05,0.470,0.003,4,34.87
11340,22680,36,0.45,0.098,4.188,1.8e-05,0.487,0.003,4,34.87
11350,22700,36,0.45,0.110,4.530,1.8e-05,0.466,0.003,4,34.87
11360,22720,36,0.45,0.206,5.950,1.8e-05,0.467,0.003,4,34.87
11370,22740,36,0.45,0.123,4.740,1.8e-05,0.483,0.003,4,34.87
11380,22760,36,0.45,0.110,4.753,1.8e-05,0.475,0.003,4,34.87
11390,22780,36,0.45,0.100,4.450,1.8e-05,0.466,0.003,4,34.87
11400,22800,36,0.45,0.123,5.697,1.8e-05,0.468,0.003,4,34.87
11410,22820,36,0.45,0.182,5.928,1.8e-05,0.481,0.003,4,34.87
11420,22840,36,0.45,0.137,6.160,1.8e-05,0.459,0.003,4,34.87
11430,22860,36,0.45,0.104,4.071,1.8e-05,0.462,0.003,4,34.87
11440,22880,36,0.45,0.080,3.772,1.8e-05,0.502,0.003,4,34.87
11450,22900,36,0.45,0.147,5.260,1.8e-05,0.456,0.003,4,34.87
11460,22920,36,0.45,0.098,4.618,1.8e-05,0.473,0.003,4,34.87
11470,22940,36,0.45,0.123,5.139,1.8e-05,0.470,0.003,4,34.87
11480,22960,36,0.45,0.116,5.246,1.8e-05,0.499,0.003,4,34.87
11490,22980,36,0.45,0.103,4.160,1.8e-05,0.461,0.003,4,34.87
11500,23000,36,0.45,0.128,4.819,1.8e-05,0.476,0.003,4,34.87
11510,23020,36,0.45,0.135,4.511,1.8e-05,0.471,0.003,4,34.87
11520,23040,36,0.46,0.161,6.224,1.8e-05,0.502,0.003,4,34.87
11530,23060,36,0.46,0.131,4.683,1.8e-05,0.463,0.003,4,34.87
11540,23080,36,0.46,0.089,3.920,1.8e-05,0.474,0.003,4,34.87
11550,23100,37,0.46,0.128,4.413,1.8e-05,0.489,0.003,4,34.87
11560,23120,37,0.46,0.128,4.485,1.8e-05,0.460,0.003,4,34.87
11570,23140,37,0.46,0.111,4.612,1.8e-05,0.454,0.003,4,34.87
11580,23160,37,0.46,0.136,5.014,1.8e-05,0.478,0.003,4,34.87
11590,23180,37,0.46,0.132,5.181,1.8e-05,0.498,0.003,4,34.87
11600,23200,37,0.46,0.099,4.416,1.8e-05,0.474,0.003,4,34.87
11610,23220,37,0.46,0.117,5.892,1.8e-05,0.454,0.002,4,34.87
11620,23240,37,0.46,0.116,5.100,1.8e-05,0.462,0.002,4,34.87
11630,23260,37,0.46,0.146,5.343,1.8e-05,0.439,0.002,5,34.87
11640,23280,37,0.46,0.118,4.431,1.8e-05,0.451,0.002,4,34.87
11650,23300,37,0.46,0.111,4.633,1.8e-05,0.441,0.002,5,34.87
11660,23320,37,0.46,0.085,3.893,1.8e-05,0.461,0.002,4,34.87
11670,23340,37,0.46,0.090,3.838,1.8e-05,0.444,0.002,4,34.87
11680,23360,37,0.46,0.129,4.655,1.8e-05,0.457,0.002,4,34.87
11690,23380,37,0.46,0.101,5.071,1.8e-05,0.489,0.003,4,34.87
11700,23400,37,0.46,0.097,4.544,1.8e-05,0.473,0.003,4,34.87
11710,23420,37,0.46,0.109,4.455,1.8e-05,0.449,0.002,4,34.87
11720,23440,37,0.46,0.127,5.301,1.8e-05,0.446,0.002,4,34.87
11730,23460,37,0.46,0.114,4.482,1.8e-05,0.459,0.002,4,34.87
11740,23480,37,0.46,0.157,5.952,1.8e-05,0.444,0.002,4,34.87
11750,23500,37,0.46,0.077,3.901,1.8e-05,0.443,0.002,4,34.87
11760,23520,37,0.46,0.147,4.917,1.7e-05,0.461,0.002,4,34.87
11770,23540,37,0.47,0.123,5.743,1.7e-05,0.447,0.002,4,34.87
11780,23560,37,0.47,0.100,4.122,1.7e-05,0.443,0.002,4,34.87
11790,23580,37,0.47,0.080,4.119,1.7e-05,0.448,0.002,4,34.87
11800,23600,37,0.47,0.070,3.743,1.7e-05,0.459,0.002,4,34.87
11810,23620,37,0.47,0.153,5.607,1.7e-05,0.443,0.002,4,34.87
11820,23640,37,0.47,0.153,6.155,1.7e-05,0.453,0.002,4,34.87
11830,23660,37,0.47,0.095,4.102,1.7e-05,0.462,0.002,4,34.87
11840,23680,37,0.47,0.078,4.198,1.7e-05,0.444,0.002,4,34.87
11850,23700,37,0.47,0.092,3.870,1.7e-05,0.441,0.002,5,34.87
11860,23720,38,0.47,0.080,3.578,1.7e-05,0.438,0.002,5,34.87
11870,23740,38,0.47,0.101,4.484,1.7e-05,0.454,0.002,4,34.87
11880,23760,38,0.47,0.145,5.816,1.7e-05,0.443,0.002,4,34.87
11890,23780,38,0.47,0.130,4.602,1.7e-05,0.441,0.002,5,34.87
11900,23800,38,0.47,0.151,5.364,1.7e-05,0.460,0.002,4,34.87
11910,23820,38,0.47,0.127,4.403,1.7e-05,0.439,0.002,5,34.87
11920,23840,38,0.47,0.127,5.096,1.7e-05,0.436,0.002,5,34.87
11930,23860,38,0.47,0.127,4.599,1.7e-05,0.439,0.002,5,34.87
11940,23880,38,0.47,0.108,5.016,1.7e-05,0.458,0.002,4,34.87
11950,23900,38,0.47,0.112,4.929,1.7e-05,0.437,0.002,5,34.87
11960,23920,38,0.47,0.135,5.154,1.7e-05,0.437,0.002,5,34.87
11970,23940,38,0.47,0.146,6.151,1.7e-05,0.444,0.002,4,34.87
11980,23960,38,0.47,0.102,4.044,1.7e-05,0.462,0.002,4,34.87
11990,23980,38,0.47,0.089,3.423,1.7e-05,0.440,0.002,5,34.87
12000,24000,38,0.47,0.139,5.952,1.7e-05,0.443,0.002,4,34.87
12010,24020,38,0.47,0.090,4.411,1.7e-05,0.460,0.002,4,34.87
12020,24040,38,0.48,0.113,4.469,1.7e-05,0.440,0.002,5,34.87
12030,24060,38,0.48,0.151,5.459,1.7e-05,0.442,0.002,5,34.87
12040,24080,38,0.48,0.075,3.425,1.7e-05,0.468,0.002,4,34.87
12050,24100,38,0.48,0.094,3.414,1.7e-05,0.490,0.002,4,34.87
12060,24120,38,0.48,0.092,3.640,1.7e-05,0.466,0.002,4,34.87
12070,24140,38,0.48,0.108,3.986,1.7e-05,0.466,0.002,4,34.87
12080,24160,38,0.48,0.151,5.434,1.7e-05,0.481,0.002,4,34.87
12090,24180,38,0.48,0.127,4.985,1.7e-05,0.444,0.002,4,34.87
12100,24200,38,0.48,0.071,3.736,1.7e-05,0.445,0.002,4,34.87
12110,24220,38,0.48,0.140,5.203,1.7e-05,1.112,0.002,2,34.87
12120,24240,38,0.48,0.081,3.596,1.7e-05,0.460,0.002,4,34.87
12130,24260,38,0.48,0.152,5.351,1.7e-05,0.441,0.002,5,34.87
12140,24280,38,0.48,0.117,4.069,1.7e-05,0.435,0.002,5,34.87
12150,24300,38,0.48,0.171,5.576,1.7e-05,0.456,0.002,4,34.87
12160,24320,38,0.48,0.105,4.854,1.7e-05,0.443,0.002,4,34.87
12170,24340,38,0.48,0.100,4.161,1.7e-05,0.445,0.002,4,34.87
12180,24360,39,0.48,0.087,4.880,1.7e-05,0.440,0.002,5,34.87
12190,24380,39,0.48,0.118,4.642,1.7e-05,0.447,0.002,4,34.87
12200,24400,39,0.48,0.091,3.544,1.7e-05,0.435,0.002,5,34.87
12210,24420,39,0.48,0.086,4.431,1.7e-05,0.437,0.002,5,34.87
12220,24440,39,0.48,0.094,3.873,1.7e-05,0.451,0.002,4,34.87
12230,24460,39,0.48,0.106,4.290,1.7e-05,0.429,0.002,5,34.87
12240,24480,39,0.48,0.181,5.963,1.7e-05,0.434,0.002,5,34.87
12250,24500,39,0.48,0.153,5.269,1.7e-05,0.438,0.002,5,34.87
12260,24520,39,0.48,0.139,5.740,1.7e-05,0.454,0.002,4,34.87
12270,24540,39,0.49,0.097,3.803,1.7e-05,0.444,0.002,4,34.87
12280,24560,39,0.49,0.176,6.440,1.7e-05,0.444,0.002,4,34.87
12290,24580,39,0.49,0.090,4.078,1.7e-05,0.444,0.002,4,34.87
12300,24600,39,0.49,0.087,4.284,1.7e-05,0.456,0.002,4,34.87
12310,24620,39,0.49,0.151,6.056,1.7e-05,0.441,0.002,5,34.87
12320,24640,39,0.49,0.088,3.863,1.7e-05,0.446,0.002,4,34.87
12330,24660,39,0.49,0.094,4.169,1.7e-05,0.462,0.002,4,34.87
12340,24680,39,0.49,0.157,6.691,1.7e-05,0.441,0.002,5,34.87
12350,24700,39,0.49,0.073,3.997,1.7e-05,0.441,0.002,5,34.87
12360,24720,39,0.49,0.136,4.965,1.7e-05,0.435,0.002,5,34.87
12370,24740,39,0.49,0.121,4.437,1.7e-05,0.453,0.002,4,34.87
12380,24760,39,0.49,0.090,3.505,1.7e-05,0.438,0.002,5,34.87
12390,24780,39,0.49,0.134,4.210,1.7e-05,0.434,0.002,5,34.87
12400,24800,39,0.49,0.091,4.280,1.7e-05,0.462,0.002,4,34.87
12410,24820,39,0.49,0.102,4.275,1.7e-05,0.443,0.002,4,34.87
12420,24840,39,0.49,0.112,4.294,1.7e-05,0.437,0.002,5,34.87
12430,24860,39,0.49,0.073,3.590,1.7e-05,0.441,0.002,5,34.87
12440,24880,39,0.49,0.073,3.210,1.7e-05,0.466,0.002,4,34.87
12450,24900,39,0.49,0.184,6.640,1.7e-05,0.451,0.002,4,34.87
12460,24920,39,0.49,0.111,4.430,1.7e-05,0.441,0.002,5,34.87
12470,24940,39,0.49,0.205,6.427,1.7e-05,0.453,0.002,4,34.87
12480,24960,39,0.49,0.093,3.543,1.7e-05,0.443,0.002,4,34.87
12490,24980,39,0.49,0.113,4.696,1.7e-05,0.444,0.002,4,34.87
12500,25000,40,0.49,0.169,5.726,1.7e-05,0.437,0.002,5,34.87
12510,25020,40,0.49,0.080,3.141,1.7e-05,0.457,0.002,4,34.87
12520,25040,40,0.49,0.118,4.548,1.7e-05,0.439,0.002,5,34.87
12530,25060,40,0.50,0.078,3.501,1.7e-05,0.443,0.002,4,34.87
12540,25080,40,0.50,0.104,4.690,1.7e-05,0.459,0.002,4,34.87
12550,25100,40,0.50,0.103,4.236,1.7e-05,0.452,0.002,4,34.87
12560,25120,40,0.50,0.108,4.743,1.7e-05,0.444,0.002,4,34.87
12570,25140,40,0.50,0.143,5.449,1.7e-05,0.444,0.002,4,34.87
12580,25160,40,0.50,0.075,3.526,1.7e-05,0.454,0.002,4,34.87
12590,25180,40,0.50,0.098,3.657,1.7e-05,0.443,0.002,4,34.87
12600,25200,40,0.50,0.146,5.931,1.7e-05,0.445,0.002,4,34.87
12610,25220,40,0.50,0.068,3.462,1.7e-05,0.454,0.002,4,34.87
12620,25240,40,0.50,0.086,4.011,1.7e-05,0.442,0.002,5,34.87
12630,25260,40,0.50,0.104,4.268,1.7e-05,0.442,0.002,5,34.87
12640,25280,40,0.50,0.081,3.221,1.7e-05,0.441,0.002,5,34.87
12650,25300,40,0.50,0.075,3.592,1.6e-05,0.459,0.002,4,34.87
12660,25320,40,0.50,0.121,4.673,1.6e-05,0.441,0.002,5,34.87
12670,25340,40,0.50,0.083,3.827,1.6e-05,0.443,0.002,4,34.87
12680,25360,40,0.50,0.079,3.748,1.6e-05,0.454,0.002,4,34.87
12690,25380,40,0.50,0.109,4.429,1.6e-05,0.434,0.002,5,34.87
12700,25400,40,0.50,0.144,5.383,1.6e-05,0.440,0.002,5,34.87
12710,25420,40,0.50,0.093,3.961,1.6e-05,0.445,0.002,4,34.87
12720,25440,40,0.50,0.091,4.204,1.6e-05,0.451,0.002,4,34.87
12730,25460,40,0.50,0.091,4.693,1.6e-05,0.425,0.002,5,34.87
12740,25480,40,0.50,0.198,6.629,1.6e-05,0.435,0.002,5,34.87
12750,25500,40,0.50,0.158,5.358,1.6e-05,0.437,0.002,5,34.87
12760,25520,40,0.50,0.109,4.915,1.6e-05,0.462,0.002,4,34.87
12770,25540,40,0.50,0.082,3.440,1.6e-05,0.440,0.002,5,34.87
12780,25560,40,0.51,0.099,3.952,1.6e-05,0.439,0.002,5,34.87
12790,25580,40,0.51,0.090,3.988,1.6e-05,0.462,0.002,4,34.87
12800,25600,40,0.51,0.075,4.148,1.6e-05,0.443,0.002,4,34.87
12810,25620,41,0.51,0.116,4.905,1.6e-05,0.439,0.002,5,34.87
12820,25640,41,0.51,0.146,5.146,1.6e-05,0.438,0.002,5,34.87
12830,25660,41,0.51,0.109,4.047,1.6e-05,0.464,0.002,4,34.87
12840,25680,41,0.51,0.097,3.926,1.6e-05,0.440,0.002,5,34.87
12850,25700,41,0.51,0.167,6.848,1.6e-05,0.445,0.002,4,34.87
12860,25720,41,0.51,0.120,4.982,1.6e-05,0.457,0.002,4,34.87
12870,25740,41,0.51,0.101,4.377,1.6e-05,0.437,0.002,5,34.87
12880,25760,41,0.51,0.124,5.362,1.6e-05,0.437,0.002,5,34.87
12890,25780,41,0.51,0.119,4.187,1.6e-05,0.437,0.002,5,34.87
12900,25800,41,0.51,0.135,5.049,1.6e-05,0.455,0.002,4,34.87
12910,25820,41,0.51,0.066,3.422,1.6e-05,0.439,0.002,5,34.87
12920,25840,41,0.51,0.069,3.042,1.6e-05,0.444,0.002,4,34.87
12930,25860,41,0.51,0.127,4.997,1.6e-05,0.458,0.002,4,34.87
12940,25880,41,0.51,0.120,4.811,1.6e-05,0.445,0.002,4,34.87
12950,25900,41,0.51,0.128,5.304,1.6e-05,0.439,0.002,5,34.87
12960,25920,41,0.51,0.096,3.954,1.6e-05,0.446,0.002,4,34.87
12970,25940,41,0.51,0.082,3.301,1.6e-05,0.459,0.002,4,34.87
12980,25960,41,0.51,0.110,4.038,1.6e-05,0.445,0.002,4,34.87
12990,25980,41,0.51,0.187,6.834,1.6e-05,0.449,0.002,4,34.87
13000,26000,41,0.51,0.162,5.673,1.6e-05,0.460,0.002,4,34.87
13010,26020,41,0.51,0.157,5.745,1.6e-05,0.438,0.002,5,34.87
13020,26040,41,0.51,0.174,5.335,1.6e-05,0.440,0.002,5,34.87
13030,26060,41,0.52,0.139,4.704,1.6e-05,0.440,0.002,5,34.87
13040,26080,41,0.52,0.082,3.974,1.6e-05,0.453,0.002,4,34.87
13050,26100,41,0.52,0.105,4.706,1.6e-05,0.441,0.002,5,34.87
13060,26120,41,0.52,0.114,4.502,1.6e-05,0.442,0.002,5,34.87
13070,26140,41,0.52,0.101,3.953,1.6e-05,0.456,0.002,4,34.87
13080,26160,41,0.52,0.132,4.943,1.6e-05,0.443,0.002,4,34.87
13090,26180,41,0.52,0.098,4.254,1.6e-05,0.444,0.002,4,34.87
13100,26200,41,0.52,0.172,5.665,1.6e-05,0.441,0.002,5,34.87
13110,26220,41,0.52,0.101,4.081,1.6e-05,0.461,0.002,4,34.87
13120,26240,41,0.52,0.109,4.510,1.6e-05,0.432,0.002,5,34.87
13130,26260,42,0.52,0.102,4.456,1.6e-05,0.438,0.002,5,34.87
13140,26280,42,0.52,0.112,5.047,1.6e-05,0.442,0.002,5,34.87
13150,26300,42,0.52,0.143,5.437,1.6e-05,0.463,0.002,4,34.87
13160,26320,42,0.52,0.095,4.238,1.6e-05,0.434,0.002,5,34.87
13170,26340,42,0.52,0.125,4.005,1.6e-05,0.437,0.002,5,34.87
13180,26360,42,0.52,0.151,7.410,1.6e-05,0.469,0.002,4,34.87
13190,26380,42,0.52,0.065,3.376,1.6e-05,0.440,0.002,5,34.87
13200,26400,42,0.52,0.097,4.256,1.6e-05,0.437,0.002,5,34.87
13210,26420,42,0.52,0.112,4.673,1.6e-05,0.435,0.002,5,34.87
13220,26440,42,0.52,0.095,4.045,1.6e-05,0.458,0.002,4,34.87
13230,26460,42,0.52,0.104,3.585,1.6e-05,0.441,0.002,5,34.87
13240,26480,42,0.52,0.107,4.332,1.6e-05,0.439,0.002,5,34.87
13250,26500,42,0.52,0.106,4.791,1.6e-05,0.458,0.002,4,34.87
13260,26520,42,0.52,0.163,5.749,1.6e-05,0.437,0.002,5,34.87
13270,26540,42,0.52,0.097,3.471,1.6e-05,0.459,0.002,4,34.87
13280,26560,42,0.52,0.173,6.695,1.6e-05,0.445,0.002,4,34.87
13290,26580,42,0.53,0.101,4.675,1.6e-05,0.463,0.002,4,34.87
13300,26600,42,0.53,0.089,4.042,1.6e-05,0.445,0.002,4,34.87
13310,26620,42,0.53,0.144,5.208,1.6e-05,0.434,0.002,5,34.87
13320,26640,42,0.53,0.078,4.113,1.6e-05,0.451,0.002,4,34.87
13330,26660,42,0.53,0.175,6.335,1.6e-05,0.435,0.002,5,34.87
13340,26680,42,0.53,0.095,3.834,1.6e-05,0.443,0.002,4,34.87
13350,26700,42,0.53,0.079,3.988,1.6e-05,0.443,0.002,4,34.87
13360,26720,42,0.53,0.093,3.674,1.6e-05,0.455,0.002,4,34.87
13370,26740,42,0.53,0.055,2.737,1.6e-05,0.440,0.002,5,34.87
13380,26760,42,0.53,0.066,3.151,1.6e-05,0.444,0.002,4,34.87
13390,26780,42,0.53,0.098,4.323,1.6e-05,0.455,0.002,4,34.87
13400,26800,42,0.53,0.086,3.474,1.6e-05,0.434,0.002,5,34.87
13410,26820,42,0.53,0.112,4.471,1.6e-05,0.443,0.002,4,34.87
13420,26840,42,0.53,0.096,3.637,1.6e-05,0.437,0.002,5,34.87
13430,26860,42,0.53,0.129,6.065,1.6e-05,0.451,0.002,4,34.87
13440,26880,43,0.53,0.129,4.740,1.6e-05,0.438,0.002,5,34.87
13450,26900,43,0.53,0.100,4.405,1.6e-05,0.443,0.002,4,34.87
13460,26920,43,0.53,0.071,3.425,1.6e-05,0.461,0.002,4,34.87
13470,26940,43,0.53,0.127,4.911,1.6e-05,0.437,0.002,5,34.87
13480,26960,43,0.53,0.115,4.381,1.6e-05,0.438,0.002,5,34.87
13490,26980,43,0.53,0.068,3.398,1.6e-05,0.440,0.002,5,34.87
13500,27000,43,0.53,0.106,4.422,1.6e-05,0.454,0.002,4,34.87
13510,27020,43,0.53,0.127,5.075,1.6e-05,0.438,0.002,5,34.87
13520,27040,43,0.53,0.119,6.029,1.5e-05,0.439,0.002,5,34.87
13530,27060,43,0.53,0.059,3.270,1.5e-05,0.438,0.002,5,34.87
13540,27080,43,0.54,0.130,5.153,1.5e-05,0.454,0.002,4,34.87
13550,27100,43,0.54,0.154,5.914,1.5e-05,0.437,0.002,5,34.87
13560,27120,43,0.54,0.111,4.596,1.5e-05,0.438,0.002,5,34.87
13570,27140,43,0.54,0.105,4.865,1.5e-05,0.461,0.002,4,34.87
13580,27160,43,0.54,0.136,5.041,1.5e-05,0.444,0.002,4,34.87
13590,27180,43,0.54,0.149,5.326,1.5e-05,0.435,0.002,5,34.87
13600,27200,43,0.54,0.126,5.143,1.5e-05,0.437,0.002,5,34.87
13610,27220,43,0.54,0.079,3.301,1.5e-05,0.457,0.002,4,34.87
13620,27240,43,0.54,0.103,4.609,1.5e-05,0.439,0.002,5,34.87
13630,27260,43,0.54,0.092,3.636,1.5e-05,0.437,0.002,5,34.87
13640,27280,43,0.54,0.131,4.810,1.5e-05,0.460,0.002,4,34.87
13650,27300,43,0.54,0.129,4.265,1.5e-05,0.440,0.002,5,34.87
13660,27320,43,0.54,0.155,5.658,1.5e-05,0.439,0.002,5,34.87
13670,27340,43,0.54,0.111,4.295,1.5e-05,0.440,0.002,5,34.87
13680,27360,43,0.54,0.071,3.555,1.5e-05,0.455,0.002,4,34.87
13690,27380,43,0.54,0.144,4.924,1.5e-05,0.440,0.002,5,34.87
13700,27400,43,0.54,0.174,5.681,1.5e-05,0.433,0.002,5,34.87
13710,27420,43,0.54,0.126,4.693,1.5e-05,0.450,0.002,4,34.87
13720,27440,43,0.54,0.091,3.885,1.5e-05,0.439,0.002,5,34.87
13730,27460,43,0.54,0.091,3.612,1.5e-05,0.438,0.002,5,34.87
13740,27480,43,0.54,0.104,4.165,1.5e-05,0.429,0.002,5,34.87
13750,27500,43,0.54,0.219,8.013,1.5e-05,0.453,0.002,4,34.87
13760,27520,44,0.54,0.071,3.871,1.5e-05,0.438,0.002,5,34.87
13770,27540,44,0.54,0.112,4.313,1.5e-05,0.443,0.002,4,34.87
13780,27560,44,0.54,0.164,5.591,1.5e-05,0.464,0.002,4,34.87
13790,27580,44,0.55,0.082,4.045,1.5e-05,0.441,0.002,5,34.87
13800,27600,44,0.55,0.106,5.046,1.5e-05,0.445,0.002,4,34.87
13810,27620,44,0.55,0.101,3.988,1.5e-05,0.442,0.002,5,34.87
13820,27640,44,0.55,0.099,4.472,1.5e-05,0.459,0.002,4,34.87
13830,27660,44,0.55,0.078,3.583,1.5e-05,0.438,0.002,5,34.87
13840,27680,44,0.55,0.087,3.739,1.5e-05,0.449,0.002,4,34.87
13850,27700,44,0.55,0.068,3.353,1.5e-05,0.440,0.002,5,34.87
13860,27720,44,0.55,0.117,5.080,1.5e-05,0.458,0.002,4,34.87
13870,27740,44,0.55,0.100,4.136,1.5e-05,0.447,0.002,4,34.87
13880,27760,44,0.55,0.111,5.034,1.5e-05,0.443,0.002,4,34.87
13890,27780,44,0.55,0.164,5.931,1.5e-05,0.463,0.002,4,34.87
13900,27800,44,0.55,0.074,3.488,1.5e-05,0.441,0.002,5,34.87
13910,27820,44,0.55,0.082,4.003,1.5e-05,0.445,0.002,4,34.87
13920,27840,44,0.55,0.087,3.966,1.5e-05,0.445,0.002,4,34.87
13930,27860,44,0.55,0.197,5.831,1.5e-05,0.459,0.002,4,34.87
13940,27880,44,0.55,0.089,3.949,1.5e-05,0.446,0.002,4,34.87
13950,27900,44,0.55,0.207,7.847,1.5e-05,0.441,0.002,5,34.87
13960,27920,44,0.55,0.093,4.406,1.5e-05,0.465,0.002,4,34.87
13970,27940,44,0.55,0.147,5.389,1.5e-05,0.449,0.002,4,34.87
13980,27960,44,0.55,0.102,4.294,1.5e-05,0.444,0.002,4,34.87
13990,27980,44,0.55,0.113,5.215,1.5e-05,0.450,0.002,4,34.87
14000,28000,44,0.55,0.102,4.367,1.5e-05,0.461,0.002,4,34.87
14010,28020,44,0.55,0.107,4.881,1.5e-05,0.445,0.002,4,34.87
14020,28040,44,0.55,0.130,5.422,1.5e-05,0.450,0.002,4,34.87
14030,28060,44,0.55,0.121,4.536,1.5e-05,0.468,0.002,4,34.87
14040,28080,44,0.55,0.103,4.506,1.5e-05,0.448,0.002,4,34.87
14050,28100,44,0.56,0.105,3.807,1.5e-05,0.447,0.002,4,34.87
14060,28120,44,0.56,0.072,3.409,1.5e-05,0.452,0.002,4,34.87
14070,28140,44,0.56,0.129,4.627,1.5e-05,0.456,0.002,4,34.87
14080,28160,45,0.56,0.064,3.433,1.5e-05,0.444,0.002,4,34.87
14090,28180,45,0.56,0.087,3.256,1.5e-05,0.439,0.002,5,34.87
14100,28200,45,0.56,0.120,5.296,1.5e-05,0.450,0.002,4,34.87
14110,28220,45,0.56,0.095,4.113,1.5e-05,0.434,0.002,5,34.87
14120,28240,45,0.56,0.109,4.267,1.5e-05,0.429,0.002,5,34.87
14130,28260,45,0.56,0.112,4.461,1.5e-05,0.445,0.002,4,34.87
14140,28280,45,0.56,0.129,4.930,1.5e-05,0.462,0.002,4,34.87
14150,28300,45,0.56,0.116,4.419,1.5e-05,0.459,0.002,4,34.87
14160,28320,45,0.56,0.134,5.248,1.5e-05,0.446,0.002,4,34.87
14170,28340,45,0.56,0.182,6.143,1.5e-05,0.462,0.002,4,34.87
14180,28360,45,0.56,0.068,3.732,1.5e-05,0.441,0.002,5,34.87
14190,28380,45,0.56,0.094,4.366,1.5e-05,0.448,0.002,4,34.87
14200,28400,45,0.56,0.140,5.468,1.5e-05,0.441,0.002,5,34.87
14210,28420,45,0.56,0.193,6.429,1.5e-05,0.463,0.002,4,34.87
14220,28440,45,0.56,0.075,3.634,1.5e-05,0.443,0.002,4,34.87
14230,28460,45,0.56,0.106,5.346,1.5e-05,0.439,0.002,5,34.87
14240,28480,45,0.56,0.106,4.085,1.5e-05,0.448,0.002,4,34.87
14250,28500,45,0.56,0.089,3.466,1.5e-05,0.458,0.002,4,34.87
14260,28520,45,0.56,0.090,3.933,1.5e-05,0.441,0.002,5,34.87
14270,28540,45,0.56,0.195,7.961,1.5e-05,0.445,0.002,4,34.87
14280,28560,45,0.56,0.091,3.575,1.5e-05,0.456,0.002,4,34.87
14290,28580,45,0.56,0.090,4.269,1.5e-05,0.436,0.002,5,34.87
14300,28600,45,0.57,0.151,5.565,1.5e-05,0.441,0.002,5,34.87
14310,28620,45,0.57,0.099,4.327,1.5e-05,0.435,0.002,5,34.87
14320,28640,45,0.57,0.116,4.602,1.5e-05,0.453,0.002,4,34.87
14330,28660,45,0.57,0.095,3.706,1.5e-05,0.432,0.002,5,34.87
14340,28680,45,0.57,0.139,5.083,1.5e-05,0.434,0.002,5,34.87
14350,28700,45,0.57,0.098,4.568,1.5e-05,0.459,0.002,4,34.87
14360,28720,45,0.57,0.074,3.786,1.5e-05,0.446,0.002,4,34.87
14370,28740,45,0.57,0.113,5.876,1.4e-05,0.438,0.002,5,34.87
14380,28760,45,0.57,0.147,4.459,1.4e-05,0.437,0.002,5,34.87
14390,28780,46,0.57,0.087,3.690,1.4e-05,0.459,0.002,4,34.87
14400,28800,46,0.57,0.169,9.291,1.4e-05,0.437,0.002,5,34.87
14410,28820,46,0.57,0.112,4.327,1.4e-05,0.437,0.002,5,34.87
14420,28840,46,0.57,0.137,5.646,1.4e-05,0.464,0.002,4,34.87
14430,28860,46,0.57,0.131,5.351,1.4e-05,0.441,0.002,5,34.87
14440,28880,46,0.57,0.090,3.568,1.4e-05,0.443,0.002,4,34.87
14450,28900,46,0.57,0.144,5.875,1.4e-05,0.442,0.002,5,34.87
14460,28920,46,0.57,0.171,5.798,1.4e-05,0.457,0.002,4,34.87
14470,28940,46,0.57,0.114,4.486,1.4e-05,0.439,0.002,5,34.87
14480,28960,46,0.57,0.119,4.616,1.4e-05,0.444,0.002,4,34.87
14490,28980,46,0.57,0.104,4.094,1.4e-05,0.459,0.002,4,34.87
14500,29000,46,0.57,0.153,5.152,1.4e-05,0.443,0.002,4,34.87
14510,29020,46,0.57,0.131,5.082,1.4e-05,0.443,0.002,4,34.87
14520,29040,46,0.57,0.090,3.952,1.4e-05,0.442,0.002,5,34.87
14530,29060,46,0.57,0.076,3.267,1.4e-05,0.455,0.002,4,34.87
14540,29080,46,0.57,0.101,3.830,1.4e-05,0.441,0.002,5,34.87
14550,29100,46,0.58,0.130,5.510,1.4e-05,0.441,0.002,5,34.87
14560,29120,46,0.58,0.118,4.947,1.4e-05,0.456,0.002,4,34.87
14570,29140,46,0.58,0.087,3.947,1.4e-05,0.442,0.002,5,34.87
14580,29160,46,0.58,0.133,4.496,1.4e-05,0.440,0.002,5,34.87
14590,29180,46,0.58,0.088,3.776,1.4e-05,0.441,0.002,5,34.87
14600,29200,46,0.58,0.202,6.857,1.4e-05,0.465,0.002,4,34.87
14610,29220,46,0.58,0.127,4.987,1.4e-05,0.443,0.002,4,34.87
14620,29240,46,0.58,0.108,3.681,1.4e-05,0.435,0.002,5,34.87
14630,29260,46,0.58,0.091,3.865,1.4e-05,0.446,0.002,4,34.87
14640,29280,46,0.58,0.173,6.355,1.4e-05,0.453,0.002,4,34.87
14650,29300,46,0.58,0.149,4.963,1.4e-05,0.438,0.002,5,34.87
14660,29320,46,0.58,0.080,3.467,1.4e-05,0.445,0.002,4,34.87
14670,29340,46,0.58,0.088,3.542,1.4e-05,0.460,0.002,4,34.87
14680,29360,46,0.58,0.074,3.330,1.4e-05,0.440,0.002,5,34.87
14690,29380,46,0.58,0.116,4.257,1.4e-05,0.442,0.002,4,34.87
14700,29400,46,0.58,0.101,4.050,1.4e-05,0.437,0.002,5,34.87
14710,29420,47,0.58,0.078,3.628,1.4e-05,0.457,0.002,4,34.87
14720,29440,47,0.58,0.097,4.562,1.4e-05,0.437,0.002,5,34.87
14730,29460,47,0.58,0.087,4.283,1.4e-05,0.437,0.002,5,34.87
14740,29480,47,0.58,0.101,4.947,1.4e-05,0.462,0.002,4,34.87
14750,29500,47,0.58,0.123,4.753,1.4e-05,0.437,0.002,5,34.87
14760,29520,47,0.58,0.083,3.824,1.4e-05,0.436,0.002,5,34.87
14770,29540,47,0.58,0.095,4.430,1.4e-05,0.437,0.002,5,34.87
14780,29560,47,0.58,0.117,4.772,1.4e-05,0.458,0.002,4,34.87
14790,29580,47,0.58,0.113,5.230,1.4e-05,0.442,0.002,5,34.87
14800,29600,47,0.59,0.076,3.216,1.4e-05,0.434,0.002,5,34.87
14810,29620,47,0.59,0.096,4.185,1.4e-05,0.456,0.002,4,34.87
14820,29640,47,0.59,0.090,3.830,1.4e-05,0.438,0.002,5,34.87
14830,29660,47,0.59,0.080,3.760,1.4e-05,0.445,0.002,4,34.87
14840,29680,47,0.59,0.101,4.567,1.4e-05,0.438,0.002,5,34.87
14850,29700,47,0.59,0.112,4.419,1.4e-05,0.460,0.002,4,34.87
14860,29720,47,0.59,0.097,4.209,1.4e-05,0.446,0.002,4,34.87
14870,29740,47,0.59,0.129,5.175,1.4e-05,0.447,0.002,4,34.87
14880,29760,47,0.59,0.090,3.953,1.4e-05,0.454,0.002,4,34.87
14890,29780,47,0.59,0.119,5.124,1.4e-05,0.434,0.002,5,34.87
14900,29800,47,0.59,0.133,5.026,1.4e-05,0.440,0.002,5,34.87
14910,29820,47,0.59,0.132,4.729,1.4e-05,0.438,0.002,5,34.87
14920,29840,47,0.59,0.120,5.429,1.4e-05,0.455,0.002,4,34.87
14930,29860,47,0.59,0.100,3.524,1.4e-05,0.434,0.002,5,34.87
14940,29880,47,0.59,0.119,5.127,1.4e-05,0.435,0.002,5,34.87
14950,29900,47,0.59,0.100,4.342,1.4e-05,0.461,0.002,4,34.87
14960,29920,47,0.59,0.135,5.306,1.4e-05,0.438,0.002,5,34.87
14970,29940,47,0.59,0.153,5.949,1.4e-05,0.436,0.002,5,34.87
14980,29960,47,0.59,0.145,6.222,1.4e-05,0.436,0.002,5,34.87
14990,29980,47,0.59,0.069,3.214,1.4e-05,0.452,0.002,4,34.87
15000,30000,47,0.59,0.160,5.822,1.4e-05,0.434,0.002,5,34.87
15010,30020,47,0.59,0.094,4.034,1.4e-05,0.430,0.002,5,34.87
15020,30040,47,0.59,0.099,4.502,1.4e-05,0.434,0.002,5,34.87
15030,30060,48,0.59,0.095,3.778,1.4e-05,0.450,0.002,4,34.87
15040,30080,48,0.59,0.132,5.521,1.4e-05,0.443,0.002,4,34.87
15050,30100,48,0.59,0.124,5.101,1.4e-05,0.440,0.002,5,34.87
15060,30120,48,0.60,0.081,3.167,1.4e-05,0.458,0.002,4,34.87
15070,30140,48,0.60,0.126,4.907,1.4e-05,0.439,0.002,5,34.87
15080,30160,48,0.60,0.077,3.553,1.4e-05,0.440,0.002,5,34.87
15090,30180,48,0.60,0.087,4.455,1.4e-05,0.437,0.002,5,34.87
15100,30200,48,0.60,0.074,3.178,1.4e-05,0.462,0.002,4,34.87
15110,30220,48,0.60,0.109,5.834,1.4e-05,0.470,0.002,4,34.87
15120,30240,48,0.60,0.085,4.334,1.4e-05,0.477,0.002,4,34.87
15130,30260,48,0.60,0.070,4.191,1.4e-05,0.473,0.002,4,34.87
15140,30280,48,0.60,0.089,4.264,1.4e-05,0.466,0.002,4,34.87
15150,30300,48,0.60,0.145,5.936,1.4e-05,0.476,0.002,4,34.87
15160,30320,48,0.60,0.065,3.536,1.4e-05,0.474,0.002,4,34.87
15170,30340,48,0.60,0.086,3.930,1.4e-05,0.485,0.002,4,34.87
15180,30360,48,0.60,0.078,4.030,1.4e-05,0.467,0.002,4,34.87
15190,30380,48,0.60,0.095,3.495,1.4e-05,0.473,0.002,4,34.87
15200,30400,48,0.60,0.145,5.699,1.4e-05,0.497,0.002,4,34.87
15210,30420,48,0.60,0.113,4.575,1.4e-05,0.469,0.002,4,34.87
15220,30440,48,0.60,0.103,4.477,1.3e-05,0.468,0.002,4,34.87
15230,30460,48,0.60,0.135,7.032,1.3e-05,0.466,0.002,4,34.87
15240,30480,48,0.60,0.067,3.048,1.3e-05,0.489,0.002,4,34.87
15250,30500,48,0.60,0.083,3.427,1.3e-05,0.447,0.002,4,34.87
15260,30520,48,0.60,0.123,5.180,1.3e-05,0.442,0.002,5,34.87
15270,30540,48,0.60,0.075,3.235,1.3e-05,0.456,0.002,4,34.87
15280,30560,48,0.60,0.197,5.487,1.3e-05,0.442,0.002,5,34.87
15290,30580,48,0.60,0.103,3.632,1.3e-05,0.442,0.002,5,34.87
15300,30600,48,0.60,0.082,3.795,1.3e-05,0.443,0.002,4,34.87
15310,30620,48,0.61,0.119,4.327,1.3e-05,0.456,0.002,4,34.87
15320,30640,48,0.61,0.183,5.980,1.3e-05,0.446,0.002,4,34.87
15330,30660,48,0.61,0.095,4.176,1.3e-05,0.437,0.002,5,34.87
15340,30680,49,0.61,0.152,7.117,1.3e-05,0.452,0.002,4,34.87
15350,30700,49,0.61,0.127,5.105,1.3e-05,0.441,0.002,5,34.87
15360,30720,49,0.61,0.127,4.946,1.3e-05,0.442,0.002,5,34.87
15370,30740,49,0.61,0.131,5.346,1.3e-05,0.440,0.002,5,34.87
15380,30760,49,0.61,0.222,7.821,1.3e-05,0.456,0.002,4,34.87
15390,30780,49,0.61,0.112,4.447,1.3e-05,0.434,0.002,5,34.87
15400,30800,49,0.61,0.050,2.826,1.3e-05,1.503,0.002,1,34.87
15410,30820,49,0.61,0.129,4.285,1.3e-05,0.441,0.002,5,34.87
15420,30840,49,0.61,0.108,4.275,1.3e-05,0.460,0.002,4,34.87
15430,30860,49,0.61,0.089,4.354,1.3e-05,0.444,0.002,4,34.87
15440,30880,49,0.61,0.113,6.416,1.3e-05,0.442,0.002,4,34.87
15450,30900,49,0.61,0.105,3.985,1.3e-05,0.461,0.002,4,34.87
15460,30920,49,0.61,0.095,4.279,1.3e-05,0.437,0.002,5,34.87
15470,30940,49,0.61,0.098,3.985,1.3e-05,0.441,0.002,5,34.87
15480,30960,49,0.61,0.134,5.098,1.3e-05,0.441,0.002,5,34.87
15490,30980,49,0.61,0.085,3.241,1.3e-05,0.456,0.002,4,34.87
15500,31000,49,0.61,0.237,7.841,1.3e-05,0.435,0.002,5,34.87
15510,31020,49,0.61,0.088,3.601,1.3e-05,0.438,0.002,5,34.87
15520,31040,49,0.61,0.100,4.741,1.3e-05,0.461,0.002,4,34.87
15530,31060,49,0.61,0.083,3.642,1.3e-05,0.443,0.002,4,34.87
15540,31080,49,0.61,0.107,4.252,1.3e-05,0.443,0.002,4,34.87
15550,31100,49,0.61,0.098,4.427,1.3e-05,0.439,0.002,5,34.87
15560,31120,49,0.62,0.075,3.481,1.3e-05,0.460,0.002,4,34.87
15570,31140,49,0.62,0.130,4.662,1.3e-05,0.440,0.002,5,34.87
15580,31160,49,0.62,0.147,5.721,1.3e-05,0.434,0.002,5,34.87
15590,31180,49,0.62,0.070,3.413,1.3e-05,0.461,0.002,4,34.87
15600,31200,49,0.62,0.074,3.229,1.3e-05,0.440,0.002,5,34.87
15610,31220,49,0.62,0.102,4.635,1.3e-05,0.441,0.002,5,34.87
15620,31240,49,0.62,0.089,3.400,1.3e-05,0.435,0.002,5,34.87
15630,31260,49,0.62,0.111,4.310,1.3e-05,0.459,0.002,4,34.87
15640,31280,49,0.62,0.103,4.498,1.3e-05,0.442,0.002,5,34.87
15650,31300,49,0.62,0.157,6.564,1.3e-05,0.438,0.002,5,34.87
15660,31320,50,0.62,0.082,3.820,1.3e-05,0.458,0.002,4,34.87
15670,31340,50,0.62,0.122,5.496,1.3e-05,0.441,0.002,5,34.87
15680,31360,50,0.62,0.097,3.855,1.3e-05,0.447,0.002,4,34.87
15690,31380,50,0.62,0.095,4.043,1.3e-05,0.449,0.002,4,34.87
15700,31400,50,0.62,0.154,5.325,1.3e-05,0.454,0.002,4,34.87
15710,31420,50,0.62,0.093,4.314,1.3e-05,0.439,0.002,5,34.87
15720,31440,50,0.62,0.130,5.018,1.3e-05,0.444,0.002,4,34.87
15730,31460,50,0.62,0.095,3.998,1.3e-05,0.454,0.002,4,34.87
15740,31480,50,0.62,0.080,4.048,1.3e-05,0.435,0.002,5,34.87
15750,31500,50,0.62,0.067,3.848,1.3e-05,0.439,0.002,5,34.87
15760,31520,50,0.62,0.070,3.517,1.3e-05,0.442,0.002,5,34.87
15770,31540,50,0.62,0.076,3.843,1.3e-05,0.449,0.002,4,34.87
15780,31560,50,0.62,0.083,3.333,1.3e-05,0.435,0.002,5,34.87
15790,31580,50,0.62,0.097,3.736,1.3e-05,0.442,0.002,5,34.87
15800,31600,50,0.62,0.146,6.680,1.3e-05,0.440,0.002,5,34.87
15810,31620,50,0.62,0.087,4.577,1.3e-05,0.453,0.002,4,34.87
15820,31640,50,0.63,0.098,3.979,1.3e-05,0.438,0.002,5,34.87
15830,31660,50,0.63,0.227,7.261,1.3e-05,0.443,0.002,4,34.87
15840,31680,50,0.63,0.120,4.749,1.3e-05,0.459,0.002,4,34.87
15850,31700,50,0.63,0.109,4.033,1.3e-05,0.436,0.002,5,34.87
15860,31720,50,0.63,0.151,7.585,1.3e-05,0.435,0.002,5,34.87
15870,31740,50,0.63,0.106,5.119,1.3e-05,0.435,0.002,5,34.87
15880,31760,50,0.63,0.100,4.447,1.3e-05,0.451,0.002,4,34.87
15890,31780,50,0.63,0.105,4.282,1.3e-05,0.432,0.002,5,34.87
15900,31800,50,0.63,0.128,5.196,1.3e-05,0.434,0.002,5,34.87
15910,31820,50,0.63,0.114,4.900,1.3e-05,0.458,0.002,4,34.87
15920,31840,50,0.63,0.157,5.460,1.3e-05,0.437,0.002,5,34.87
15930,31860,50,0.63,0.082,4.081,1.3e-05,0.443,0.002,4,34.87
15940,31880,50,0.63,0.050,3.199,1.3e-05,0.439,0.002,5,34.87
15950,31900,50,0.63,0.146,4.695,1.3e-05,0.464,0.002,4,34.87
15960,31920,50,0.63,0.114,4.380,1.3e-05,0.441,0.002,5,34.87
15970,31940,51,0.63,0.151,5.944,1.3e-05,0.439,0.002,5,34.87
15980,31960,51,0.63,0.109,4.596,1.3e-05,0.462,0.002,4,34.87
15990,31980,51,0.63,0.110,4.613,1.3e-05,0.442,0.002,5,34.87
16000,32000,51,0.63,0.083,4.238,1.3e-05,0.442,0.002,5,34.87
16010,32020,51,0.63,0.133,4.627,1.3e-05,0.433,0.002,5,34.87
16020,32040,51,0.63,0.095,3.917,1.3e-05,0.456,0.002,4,34.87
16030,32060,51,0.63,0.166,6.178,1.3e-05,0.442,0.002,4,34.87
16040,32080,51,0.63,0.089,4.145,1.3e-05,0.443,0.002,4,34.87
16050,32100,51,0.63,0.096,4.828,1.3e-05,0.458,0.002,4,34.87
16060,32120,51,0.63,0.130,4.638,1.3e-05,0.438,0.002,5,34.87
16070,32140,51,0.64,0.126,3.889,1.2e-05,0.436,0.002,5,34.87
16080,32160,51,0.64,0.100,3.842,1.2e-05,0.442,0.002,5,34.87
16090,32180,51,0.64,0.097,4.891,1.2e-05,0.454,0.002,4,34.87
16100,32200,51,0.64,0.078,3.792,1.2e-05,0.440,0.002,5,34.87
16110,32220,51,0.64,0.133,4.582,1.2e-05,0.445,0.002,4,34.87
16120,32240,51,0.64,0.109,5.187,1.2e-05,0.456,0.002,4,34.87
16130,32260,51,0.64,0.151,6.305,1.2e-05,0.442,0.002,5,34.87
16140,32280,51,0.64,0.094,3.986,1.2e-05,0.445,0.002,4,34.87
16150,32300,51,0.64,0.083,3.683,1.2e-05,0.438,0.002,5,34.87
16160,32320,51,0.64,0.134,4.839,1.2e-05,0.457,0.002,4,34.87
16170,32340,51,0.64,0.122,4.762,1.2e-05,0.437,0.002,5,34.87
16180,32360,51,0.64,0.121,5.139,1.2e-05,0.443,0.002,4,34.87
16190,32380,51,0.64,0.078,3.618,1.2e-05,0.442,0.002,4,34.87
16200,32400,51,0.64,0.130,5.185,1.2e-05,0.464,0.002,4,34.87
16210,32420,51,0.64,0.120,4.548,1.2e-05,0.439,0.002,5,34.87
16220,32440,51,0.64,0.090,4.193,1.2e-05,0.442,0.002,5,34.87
16230,32460,51,0.64,0.118,4.335,1.2e-05,0.466,0.002,4,34.87
16240,32480,51,0.64,0.079,3.695,1.2e-05,0.441,0.002,5,34.87
16250,32500,51,0.64,0.133,5.167,1.2e-05,0.447,0.002,4,34.87
16260,32520,51,0.64,0.075,3.228,1.2e-05,0.444,0.002,4,34.87
16270,32540,51,0.64,0.247,6.330,1.2e-05,0.463,0.002,4,34.87
16280,32560,51,0.64,0.055,3.336,1.2e-05,0.438,0.002,5,34.87
16290,32580,52,0.64,0.185,7.988,1.2e-05,0.441,0.002,5,34.87
16300,32600,52,0.64,0.075,3.660,1.2e-05,0.462,0.002,4,34.87
16310,32620,52,0.64,0.120,4.017,1.2e-05,0.436,0.002,5,34.87
16320,32640,52,0.65,0.116,4.501,1.2e-05,0.435,0.002,5,34.87
16330,32660,52,0.65,0.134,5.541,1.2e-05,0.450,0.002,4,34.87
16340,32680,52,0.65,0.123,4.782,1.2e-05,0.435,0.002,5,34.87
16350,32700,52,0.65,0.100,4.299,1.2e-05,0.435,0.002,5,34.87
16360,32720,52,0.65,0.097,4.364,1.2e-05,0.438,0.002,5,34.87
16370,32740,52,0.65,0.076,3.835,1.2e-05,0.454,0.002,4,34.87
16380,32760,52,0.65,0.115,5.493,1.2e-05,0.438,0.002,5,34.87
16390,32780,52,0.65,0.102,3.933,1.2e-05,0.439,0.002,5,34.87
16400,32800,52,0.65,0.069,3.557,1.2e-05,0.453,0.002,4,34.87
16410,32820,52,0.65,0.131,5.309,1.2e-05,0.434,0.002,5,34.87
16420,32840,52,0.65,0.073,3.128,1.2e-05,0.436,0.002,5,34.87
16430,32860,52,0.65,0.106,4.823,1.2e-05,0.443,0.002,4,34.87
16440,32880,52,0.65,0.155,5.117,1.2e-05,0.464,0.002,4,34.87
16450,32900,52,0.65,0.084,3.445,1.2e-05,0.439,0.002,5,34.87
16460,32920,52,0.65,0.084,3.598,1.2e-05,0.441,0.002,5,34.87
16470,32940,52,0.65,0.084,3.906,1.2e-05,0.441,0.002,5,34.87
16480,32960,52,0.65,0.079,3.607,1.2e-05,0.465,0.003,4,34.87
16490,32980,52,0.65,0.116,5.171,1.2e-05,0.437,0.002,5,34.87
16500,33000,52,0.65,0.099,4.052,1.2e-05,0.442,0.002,5,34.87
16510,33020,52,0.65,0.088,3.861,1.2e-05,0.461,0.002,4,34.87
16520,33040,52,0.65,0.100,3.669,1.2e-05,0.442,0.002,5,34.87
16530,33060,52,0.65,0.130,4.396,1.2e-05,0.440,0.002,5,34.87
16540,33080,52,0.65,0.079,3.225,1.2e-05,0.435,0.002,5,34.87
16550,33100,52,0.65,0.043,2.519,1.2e-05,0.459,0.002,4,34.87
16560,33120,52,0.65,0.128,5.504,1.2e-05,0.441,0.002,5,34.87
16570,33140,52,0.65,0.079,3.648,1.2e-05,0.437,0.002,5,34.87
16580,33160,52,0.66,0.145,4.869,1.2e-05,0.462,0.002,4,34.87
16590,33180,52,0.66,0.130,4.033,1.2e-05,0.442,0.002,5,34.87
16600,33200,52,0.66,0.114,4.578,1.2e-05,0.442,0.002,5,34.87
16610,33220,53,0.66,0.068,3.481,1.2e-05,0.447,0.002,4,34.87
16620,33240,53,0.66,0.152,5.879,1.2e-05,0.460,0.002,4,34.87
16630,33260,53,0.66,0.096,3.580,1.2e-05,0.439,0.002,5,34.87
16640,33280,53,0.66,0.114,4.327,1.2e-05,0.436,0.002,5,34.87
16650,33300,53,0.66,0.066,3.237,1.2e-05,0.454,0.002,4,34.87
16660,33320,53,0.66,0.093,4.101,1.2e-05,0.432,0.002,5,34.87
16670,33340,53,0.66,0.079,3.808,1.2e-05,0.439,0.002,5,34.87
16680,33360,53,0.66,0.114,4.720,1.2e-05,0.437,0.002,5,34.87
16690,33380,53,0.66,0.130,4.882,1.2e-05,0.454,0.002,4,34.87
16700,33400,53,0.66,0.114,4.864,1.2e-05,0.440,0.002,5,34.87
16710,33420,53,0.66,0.113,4.478,1.2e-05,0.439,0.002,5,34.87
16720,33440,53,0.66,0.114,4.482,1.2e-05,0.457,0.002,4,34.87
16730,33460,53,0.66,0.168,5.233,1.2e-05,0.441,0.002,5,34.87
16740,33480,53,0.66,0.101,4.236,1.2e-05,0.434,0.002,5,34.87
16750,33500,53,0.66,0.085,4.081,1.2e-05,0.436,0.002,5,34.87
16760,33520,53,0.66,0.110,4.807,1.2e-05,0.451,0.002,4,34.87
16770,33540,53,0.66,0.135,5.169,1.2e-05,0.436,0.002,5,34.87
16780,33560,53,0.66,0.111,4.973,1.2e-05,0.440,0.002,5,34.87
16790,33580,53,0.66,0.065,3.806,1.2e-05,0.445,0.002,4,34.87
16800,33600,53,0.66,0.136,5.962,1.2e-05,0.461,0.002,4,34.87
16810,33620,53,0.66,0.069,3.402,1.2e-05,0.440,0.002,5,34.87
16820,33640,53,0.66,0.111,4.240,1.2e-05,0.440,0.002,5,34.87
16830,33660,53,0.67,0.108,4.316,1.2e-05,0.462,0.002,4,34.87
16840,33680,53,0.67,0.112,4.571,1.2e-05,0.439,0.002,5,34.87
16850,33700,53,0.67,0.087,4.321,1.2e-05,0.440,0.002,5,34.87
16860,33720,53,0.67,0.130,4.859,1.2e-05,0.438,0.002,5,34.87
16870,33740,53,0.67,0.094,4.115,1.2e-05,0.463,0.002,4,34.87
16880,33760,53,0.67,0.128,5.511,1.2e-05,0.438,0.002,5,34.87
16890,33780,53,0.67,0.198,7.362,1.2e-05,0.436,0.002,5,34.87
16900,33800,53,0.67,0.162,6.022,1.2e-05,0.455,0.002,4,34.87
16910,33820,53,0.67,0.080,3.996,1.2e-05,0.440,0.002,5,34.87
16920,33840,54,0.67,0.123,4.553,1.2e-05,0.443,0.002,4,34.87
16930,33860,54,0.67,0.088,4.229,1.1e-05,0.440,0.002,5,34.87
16940,33880,54,0.67,0.110,4.478,1.1e-05,0.461,0.002,4,34.87
16950,33900,54,0.67,0.094,4.215,1.1e-05,0.442,0.002,5,34.87
16960,33920,54,0.67,0.188,7.750,1.1e-05,0.440,0.002,5,34.87
16970,33940,54,0.67,0.081,3.546,1.1e-05,0.462,0.002,4,34.87
16980,33960,54,0.67,0.081,3.592,1.1e-05,0.441,0.002,5,34.87
16990,33980,54,0.67,0.089,3.984,1.1e-05,0.438,0.002,5,34.87
17000,34000,54,0.67,0.121,4.733,1.1e-05,0.439,0.002,5,34.87
17010,34020,54,0.67,0.092,3.959,1.1e-05,1.073,0.002,2,34.87
17020,34040,54,0.67,0.061,3.536,1.1e-05,0.437,0.002,5,34.87
17030,34060,54,0.67,0.118,4.901,1.1e-05,0.443,0.002,4,34.87
17040,34080,54,0.67,0.085,4.738,1.1e-05,0.468,0.002,4,34.87
17050,34100,54,0.67,0.133,5.350,1.1e-05,0.454,0.002,4,34.87
17060,34120,54,0.67,0.095,4.935,1.1e-05,0.450,0.002,4,34.87
17070,34140,54,0.67,0.097,4.579,1.1e-05,0.445,0.002,4,34.87
17080,34160,54,0.68,0.077,3.985,1.1e-05,0.461,0.002,4,34.87
17090,34180,54,0.68,0.094,4.322,1.1e-05,0.447,0.002,4,34.87
17100,34200,54,0.68,0.133,4.829,1.1e-05,0.445,0.002,4,34.87
17110,34220,54,0.68,0.094,4.583,1.1e-05,0.458,0.002,4,34.87
17120,34240,54,0.68,0.071,3.373,1.1e-05,0.445,0.002,4,34.87
17130,34260,54,0.68,0.076,4.558,1.1e-05,0.443,0.002,4,34.87
17140,34280,54,0.68,0.075,3.587,1.1e-05,0.446,0.002,4,34.87
17150,34300,54,0.68,0.094,3.987,1.1e-05,0.464,0.002,4,34.87
17160,34320,54,0.68,0.123,4.541,1.1e-05,0.450,0.002,4,34.87
17170,34340,54,0.68,0.108,4.661,1.1e-05,0.475,0.002,4,34.87
17180,34360,54,0.68,0.103,4.185,1.1e-05,0.467,0.002,4,34.87
17190,34380,54,0.68,0.128,4.705,1.1e-05,0.496,0.002,4,34.87
17200,34400,54,0.68,0.097,4.531,1.1e-05,0.480,0.002,4,34.87
17210,34420,54,0.68,0.095,3.897,1.1e-05,0.466,0.002,4,34.87
17220,34440,54,0.68,0.114,4.696,1.1e-05,0.489,0.002,4,34.87
17230,34460,54,0.68,0.101,4.674,1.1e-05,0.470,0.002,4,34.87
17240,34480,55,0.68,0.084,3.893,1.1e-05,0.476,0.002,4,34.87
17250,34500,55,0.68,0.066,3.612,1.1e-05,0.470,0.002,4,34.87
17260,34520,55,0.68,0.063,3.101,1.1e-05,0.466,0.002,4,34.87
17270,34540,55,0.68,0.091,4.149,1.1e-05,0.440,0.002,5,34.87
17280,34560,55,0.68,0.108,4.475,1.1e-05,0.443,0.002,4,34.87
17290,34580,55,0.68,0.089,3.878,1.1e-05,0.460,0.002,4,34.87
17300,34600,55,0.68,0.108,4.061,1.1e-05,0.443,0.002,4,34.87
17310,34620,55,0.68,0.120,5.092,1.1e-05,0.463,0.002,4,34.87
17320,34640,55,0.68,0.160,6.179,1.1e-05,0.474,0.002,4,34.87
17330,34660,55,0.69,0.089,3.688,1.1e-05,0.483,0.002,4,34.87
17340,34680,55,0.69,0.096,3.823,1.1e-05,0.465,0.002,4,34.87
17350,34700,55,0.69,0.099,4.448,1.1e-05,0.474,0.002,4,34.87
17360,34720,55,0.69,0.167,6.023,1.1e-05,0.492,0.002,4,34.87
17370,34740,55,0.69,0.074,3.288,1.1e-05,0.469,0.002,4,34.87
17380,34760,55,0.69,0.067,3.309,1.1e-05,0.464,0.002,4,34.87
17390,34780,55,0.69,0.093,4.258,1.1e-05,0.461,0.002,4,34.87
17400,34800,55,0.69,0.190,6.602,1.1e-05,0.457,0.002,4,34.87
17410,34820,55,0.69,0.140,4.387,1.1e-05,0.437,0.002,5,34.87
17420,34840,55,0.69,0.130,5.158,1.1e-05,0.436,0.002,5,34.87
17430,34860,55,0.69,0.097,4.368,1.1e-05,0.453,0.002,4,34.87
17440,34880,55,0.69,0.128,5.617,1.1e-05,0.434,0.002,5,34.87
17450,34900,55,0.69,0.104,3.801,1.1e-05,0.441,0.002,5,34.87
17460,34920,55,0.69,0.081,3.489,1.1e-05,0.441,0.002,5,34.87
17470,34940,55,0.69,0.084,3.568,1.1e-05,0.456,0.002,4,34.87
17480,34960,55,0.69,0.086,4.068,1.1e-05,0.440,0.002,5,34.87
17490,34980,55,0.69,0.122,4.756,1.1e-05,0.443,0.002,4,34.87
17500,35000,55,0.69,0.092,3.811,1.1e-05,0.456,0.002,4,34.87
17510,35020,55,0.69,0.070,3.797,1.1e-05,0.440,0.002,5,34.87
17520,35040,55,0.69,0.109,5.147,1.1e-05,0.442,0.002,5,34.87
17530,35060,55,0.69,0.142,4.327,1.1e-05,0.441,0.002,5,34.87
17540,35080,55,0.69,0.137,6.152,1.1e-05,0.454,0.002,4,34.87
17550,35100,55,0.69,0.135,4.725,1.1e-05,0.442,0.002,5,34.87
17560,35120,56,0.69,0.112,4.743,1.1e-05,0.446,0.002,4,34.87
17570,35140,56,0.69,0.118,4.469,1.1e-05,0.453,0.002,4,34.87
17580,35160,56,0.69,0.084,3.595,1.1e-05,0.461,0.002,4,34.87
17590,35180,56,0.70,0.119,5.211,1.1e-05,0.443,0.002,4,34.87
17600,35200,56,0.70,0.081,3.723,1.1e-05,0.440,0.002,5,34.87
17610,35220,56,0.70,0.104,4.052,1.1e-05,0.452,0.002,4,34.87
17620,35240,56,0.70,0.069,3.251,1.1e-05,0.439,0.002,5,34.87
17630,35260,56,0.70,0.105,4.911,1.1e-05,0.440,0.002,5,34.87
17640,35280,56,0.70,0.109,5.170,1.1e-05,0.446,0.002,4,34.87
17650,35300,56,0.70,0.095,4.356,1.1e-05,0.461,0.002,4,34.87
17660,35320,56,0.70,0.073,3.419,1.1e-05,0.439,0.002,5,34.87
17670,35340,56,0.70,0.095,4.170,1.1e-05,0.436,0.002,5,34.87
17680,35360,56,0.70,0.142,4.987,1.1e-05,0.447,0.002,4,34.87
17690,35380,56,0.70,0.091,4.275,1.1e-05,0.432,0.002,5,34.87
17700,35400,56,0.70,0.085,3.822,1.1e-05,0.432,0.002,5,34.87
17710,35420,56,0.70,0.085,3.640,1.1e-05,0.431,0.002,5,34.87
17720,35440,56,0.70,0.120,4.643,1.1e-05,0.444,0.002,4,34.87
17730,35460,56,0.70,0.065,3.458,1.1e-05,0.430,0.002,5,34.87
17740,35480,56,0.70,0.082,3.528,1.1e-05,0.436,0.002,5,34.87
17750,35500,56,0.70,0.095,4.670,1.1e-05,0.475,0.002,4,34.87
17760,35520,56,0.70,0.071,3.599,1.1e-05,0.458,0.003,4,34.87
17770,35540,56,0.70,0.108,5.147,1.1e-05,0.462,0.003,4,34.87
17780,35560,56,0.70,0.179,11.016,1.1e-05,0.458,0.002,4,34.87
17790,35580,56,0.70,0.074,3.534,1.1e-05,0.452,0.002,4,34.87
17800,35600,56,0.70,0.092,4.065,1.1e-05,0.436,0.002,5,34.87
17810,35620,56,0.70,0.098,4.039,1.0e-05,0.440,0.002,5,34.87
17820,35640,56,0.70,0.148,5.098,1.0e-05,0.463,0.002,4,34.87
17830,35660,56,0.70,0.109,4.024,1.0e-05,0.435,0.002,5,34.87
17840,35680,56,0.71,0.202,6.337,1.0e-05,0.440,0.002,5,34.87
17850,35700,56,0.71,0.166,5.567,1.0e-05,0.444,0.002,4,34.87
17860,35720,56,0.71,0.091,4.237,1.0e-05,0.445,0.002,4,34.87
17870,35740,57,0.71,0.217,8.048,1.0e-05,0.435,0.002,5,34.87
17880,35760,57,0.71,0.081,3.296,1.0e-05,0.443,0.002,4,34.87
17890,35780,57,0.71,0.127,4.907,1.0e-05,0.455,0.002,4,34.87
17900,35800,57,0.71,0.080,3.458,1.0e-05,0.438,0.002,5,34.87
17910,35820,57,0.71,0.107,4.486,1.0e-05,0.438,0.002,5,34.87
17920,35840,57,0.71,0.074,3.675,1.0e-05,0.442,0.002,5,34.87
17930,35860,57,0.71,0.053,2.562,1.0e-05,0.458,0.002,4,34.87
17940,35880,57,0.71,0.099,4.271,1.0e-05,0.441,0.002,5,34.87
17950,35900,57,0.71,0.167,5.484,1.0e-05,0.445,0.002,4,34.87
17960,35920,57,0.71,0.099,4.553,1.0e-05,0.454,0.002,4,34.87
17970,35940,57,0.71,0.160,5.522,1.0e-05,0.438,0.002,5,34.87
17980,35960,57,0.71,0.100,3.534,1.0e-05,0.438,0.002,5,34.87
17990,35980,57,0.71,0.067,3.627,1.0e-05,0.443,0.002,4,34.87
18000,36000,57,0.71,0.094,3.541,1.0e-05,0.458,0.002,4,34.87
18010,36020,57,0.71,0.094,3.582,1.0e-05,0.436,0.002,5,34.87
18020,36040,57,0.71,0.116,5.187,1.0e-05,0.436,0.002,5,34.87
18030,36060,57,0.71,0.084,3.397,1.0e-05,0.444,0.002,4,34.87
18040,36080,57,0.71,0.096,4.162,1.0e-05,0.458,0.002,4,34.87
18050,36100,57,0.71,0.066,3.860,1.0e-05,0.443,0.002,4,34.87
18060,36120,57,0.71,0.122,5.473,1.0e-05,0.437,0.002,5,34.87
18070,36140,57,0.71,0.087,3.670,1.0e-05,0.455,0.002,4,34.87
18080,36160,57,0.71,0.073,3.702,1.0e-05,0.444,0.002,4,34.87
18090,36180,57,0.72,0.106,4.608,1.0e-05,0.436,0.002,5,34.87
18100,36200,57,0.72,0.118,4.723,1.0e-05,0.435,0.002,5,34.87
18110,36220,57,0.72,0.084,3.071,1.0e-05,0.458,0.002,4,34.87
18120,36240,57,0.72,0.240,6.773,1.0e-05,0.439,0.002,5,34.87
18130,36260,57,0.72,0.086,4.034,1.0e-05,0.442,0.002,5,34.87
18140,36280,57,0.72,0.080,3.176,1.0e-05,0.458,0.002,4,34.87
18150,36300,57,0.72,0.046,2.988,1.0e-05,0.439,0.002,5,34.87
18160,36320,57,0.72,0.111,5.224,1.0e-05,0.447,0.002,4,34.87
18170,36340,57,0.72,0.076,3.497,1.0e-05,0.449,0.002,4,34.87
18180,36360,57,0.72,0.069,3.273,1.0e-05,0.450,0.002,4,34.87
18190,36380,58,0.72,0.080,3.710,1.0e-05,0.447,0.002,4,34.87
18200,36400,58,0.72,0.134,4.924,1.0e-05,0.443,0.002,4,34.87
18210,36420,58,0.72,0.112,4.804,1.0e-05,0.459,0.002,4,34.87
18220,36440,58,0.72,0.087,3.894,1.0e-05,0.442,0.002,5,34.87
18230,36460,58,0.72,0.102,3.509,1.0e-05,0.443,0.002,4,34.87
18240,36480,58,0.72,0.087,4.156,1.0e-05,0.444,0.002,4,34.87
18250,36500,58,0.72,0.107,4.434,1.0e-05,0.453,0.002,4,34.87
18260,36520,58,0.72,0.067,3.386,1.0e-05,0.440,0.002,5,34.87
18270,36540,58,0.72,0.063,3.052,1.0e-05,0.449,0.002,4,34.87
18280,36560,58,0.72,0.107,4.202,1.0e-05,0.460,0.002,4,34.87
18290,36580,58,0.72,0.109,5.225,1.0e-05,0.436,0.002,5,34.87
18300,36600,58,0.72,0.084,4.193,9.9e-06,0.438,0.002,5,34.87
18310,36620,58,0.72,0.125,4.381,9.9e-06,0.437,0.002,5,34.87
18320,36640,58,0.72,0.081,3.614,9.9e-06,0.448,0.002,4,34.87
18330,36660,58,0.72,0.106,4.675,9.9e-06,0.437,0.002,5,34.87
18340,36680,58,0.72,0.111,5.192,9.9e-06,0.438,0.002,5,34.87
18350,36700,58,0.73,0.133,7.649,9.9e-06,0.427,0.002,5,34.87
18360,36720,58,0.73,0.091,3.761,9.9e-06,0.441,0.002,5,34.87
18370,36740,58,0.73,0.125,4.513,9.9e-06,0.432,0.002,5,34.87
18380,36760,58,0.73,0.149,5.158,9.9e-06,0.440,0.002,5,34.87
18390,36780,58,0.73,0.084,3.819,9.8e-06,0.453,0.002,4,34.87
18400,36800,58,0.73,0.102,4.599,9.8e-06,0.429,0.002,5,34.87
18410,36820,58,0.73,0.093,3.944,9.8e-06,0.436,0.002,5,34.87
18420,36840,58,0.73,0.130,4.772,9.8e-06,0.436,0.002,5,34.87
18430,36860,58,0.73,0.117,4.760,9.8e-06,0.456,0.002,4,34.87
18440,36880,58,0.73,0.146,5.236,9.8e-06,0.430,0.002,5,34.87
18450,36900,58,0.73,0.109,4.335,9.8e-06,0.442,0.002,5,34.87
18460,36920,58,0.73,0.107,4.489,9.8e-06,0.454,0.002,4,34.87
18470,36940,58,0.73,0.110,4.877,9.8e-06,0.426,0.002,5,34.87
18480,36960,58,0.73,0.043,2.711,9.7e-06,0.433,0.002,5,34.87
18490,36980,58,0.73,0.140,4.675,9.7e-06,0.439,0.002,5,34.87
18500,37000,59,0.73,0.136,5.501,9.7e-06,0.457,0.002,4,34.87
18510,37020,59,0.73,0.117,4.247,9.7e-06,0.445,0.002,4,34.87
18520,37040,59,0.73,0.137,5.418,9.7e-06,0.441,0.002,5,34.87
18530,37060,59,0.73,0.118,5.559,9.7e-06,0.463,0.002,4,34.87
18540,37080,59,0.73,0.120,4.302,9.7e-06,0.438,0.002,5,34.87
18550,37100,59,0.73,0.057,2.713,9.7e-06,0.443,0.002,4,34.87
18560,37120,59,0.73,0.121,4.803,9.7e-06,0.464,0.002,4,34.87
18570,37140,59,0.73,0.077,3.982,9.6e-06,0.492,0.002,4,34.87
18580,37160,59,0.73,0.085,4.459,9.6e-06,0.439,0.002,5,34.87
18590,37180,59,0.73,0.133,5.674,9.6e-06,0.440,0.002,5,34.87
18600,37200,59,0.74,0.085,4.000,9.6e-06,0.453,0.002,4,34.87
18610,37220,59,0.74,0.093,3.635,9.6e-06,0.438,0.002,5,34.87
18620,37240,59,0.74,0.096,4.644,9.6e-06,0.471,0.002,4,34.87
18630,37260,59,0.74,0.089,3.259,9.6e-06,0.475,0.002,4,34.87
18640,37280,59,0.74,0.059,3.034,9.6e-06,0.511,0.002,4,34.87
18650,37300,59,0.74,0.093,4.555,9.6e-06,0.469,0.002,4,34.87
18660,37320,59,0.74,0.092,4.075,9.5e-06,0.469,0.002,4,34.87
18670,37340,59,0.74,0.125,4.700,9.5e-06,0.505,0.002,4,34.87
18680,37360,59,0.74,0.140,6.650,9.5e-06,0.475,0.002,4,34.87
18690,37380,59,0.74,0.104,4.794,9.5e-06,0.465,0.002,4,34.87
18700,37400,59,0.74,0.097,4.254,9.5e-06,0.471,0.002,4,34.87
18710,37420,59,0.74,0.066,3.530,9.5e-06,0.484,0.002,4,34.87
18720,37440,59,0.74,0.070,3.187,9.5e-06,0.479,0.002,4,34.87
18730,37460,59,0.74,0.089,4.330,9.5e-06,0.468,0.002,4,34.87
18740,37480,59,0.74,0.091,4.279,9.5e-06,0.488,0.002,4,34.87
18750,37500,59,0.74,0.108,4.683,9.4e-06,0.477,0.002,4,34.87
18760,37520,59,0.74,0.123,5.259,9.4e-06,0.474,0.002,4,34.87
18770,37540,59,0.74,0.090,3.788,9.4e-06,0.466,0.002,4,34.87
18780,37560,59,0.74,0.093,3.233,9.4e-06,0.487,0.002,4,34.87
18790,37580,59,0.74,0.101,4.471,9.4e-06,0.467,0.002,4,34.87
18800,37600,59,0.74,0.124,5.062,9.4e-06,0.479,0.002,4,34.87
18810,37620,59,0.74,0.136,6.177,9.4e-06,0.464,0.002,4,34.87
18820,37640,60,0.74,0.111,4.835,9.4e-06,0.495,0.002,4,34.87
18830,37660,60,0.74,0.092,4.509,9.4e-06,0.483,0.002,4,34.87
18840,37680,60,0.74,0.100,4.019,9.4e-06,0.478,0.002,4,34.87
18850,37700,60,0.75,0.078,3.517,9.3e-06,0.477,0.002,4,34.87
18860,37720,60,0.75,0.073,3.302,9.3e-06,0.466,0.002,4,34.87
18870,37740,60,0.75,0.107,4.395,9.3e-06,0.440,0.002,5,34.87
18880,37760,60,0.75,0.079,4.099,9.3e-06,0.441,0.002,5,34.87
18890,37780,60,0.75,0.072,3.799,9.3e-06,0.460,0.002,4,34.87
18900,37800,60,0.75,0.083,3.940,9.3e-06,0.433,0.002,5,34.87
18910,37820,60,0.75,0.093,3.702,9.3e-06,0.437,0.002,5,34.87
18920,37840,60,0.75,0.097,4.755,9.3e-06,0.453,0.002,4,34.87
18930,37860,60,0.75,0.122,4.367,9.3e-06,0.438,0.002,5,34.87
18940,37880,60,0.75,0.132,5.316,9.2e-06,0.430,0.002,5,34.87
18950,37900,60,0.75,0.288,7.067,9.2e-06,0.428,0.002,5,34.87
18960,37920,60,0.75,0.084,3.478,9.2e-06,0.451,0.002,4,34.87
18970,37940,60,0.75,0.065,3.796,9.2e-06,0.439,0.002,5,34.87
18980,37960,60,0.75,0.093,3.743,9.2e-06,0.436,0.002,5,34.87
18990,37980,60,0.75,0.124,4.739,9.2e-06,0.485,0.003,4,34.87
19000,38000,60,0.75,0.096,3.915,9.2e-06,0.470,0.003,4,34.87
19010,38020,60,0.75,0.059,3.633,9.2e-06,0.444,0.002,4,34.87
19020,38040,60,0.75,0.121,4.386,9.2e-06,0.448,0.002,4,34.87
19030,38060,60,0.75,0.065,3.232,9.1e-06,0.458,0.002,4,34.87
19040,38080,60,0.75,0.094,4.058,9.1e-06,0.447,0.002,4,34.87
19050,38100,60,0.75,0.114,4.351,9.1e-06,0.443,0.002,4,34.87
19060,38120,60,0.75,0.096,4.027,9.1e-06,0.459,0.002,4,34.87
19070,38140,60,0.75,0.150,6.976,9.1e-06,0.441,0.002,5,34.87
19080,38160,60,0.75,0.076,2.979,9.1e-06,0.438,0.002,5,34.87
19090,38180,60,0.75,0.177,6.409,9.1e-06,0.437,0.002,5,34.87
19100,38200,60,0.76,0.057,3.125,9.1e-06,0.451,0.002,4,34.87
19110,38220,60,0.76,0.079,3.441,9.1e-06,0.434,0.002,5,34.87
19120,38240,60,0.76,0.091,3.685,9.1e-06,0.439,0.002,5,34.87
19130,38260,60,0.76,0.093,4.408,9.0e-06,0.441,0.002,5,34.87
19140,38280,61,0.76,0.133,5.409,9.0e-06,0.457,0.002,4,34.87
19150,38300,61,0.76,0.101,3.934,9.0e-06,0.441,0.002,5,34.87
19160,38320,61,0.76,0.057,2.779,9.0e-06,0.437,0.002,5,34.87
19170,38340,61,0.76,0.098,3.707,9.0e-06,0.461,0.002,4,34.87
19180,38360,61,0.76,0.110,4.853,9.0e-06,0.438,0.002,5,34.87
19190,38380,61,0.76,0.077,3.699,9.0e-06,0.435,0.002,5,34.87
19200,38400,61,0.76,0.113,4.941,9.0e-06,0.439,0.002,5,34.87
19210,38420,61,0.76,0.056,3.235,9.0e-06,0.458,0.002,4,34.87
19220,38440,61,0.76,0.093,3.373,8.9e-06,0.439,0.002,5,34.87
19230,38460,61,0.76,0.087,3.826,8.9e-06,0.438,0.002,5,34.87
19240,38480,61,0.76,0.079,4.119,8.9e-06,0.457,0.002,4,34.87
19250,38500,61,0.76,0.133,4.184,8.9e-06,0.436,0.002,5,34.87
19260,38520,61,0.76,0.141,5.512,8.9e-06,0.436,0.002,5,34.87
19270,38540,61,0.76,0.063,3.031,8.9e-06,0.436,0.002,5,34.87
19280,38560,61,0.76,0.093,3.726,8.9e-06,0.458,0.002,4,34.87
19290,38580,61,0.76,0.125,4.647,8.9e-06,0.436,0.002,5,34.87
19300,38600,61,0.76,0.105,4.688,8.9e-06,0.432,0.002,5,34.87
19310,38620,61,0.76,0.076,3.551,8.8e-06,0.451,0.002,4,34.87
19320,38640,61,0.76,0.116,5.013,8.8e-06,0.430,0.002,5,34.87
19330,38660,61,0.76,0.110,5.529,8.8e-06,0.436,0.002,5,34.87
19340,38680,61,0.76,0.108,4.654,8.8e-06,0.436,0.002,5,34.87
19350,38700,61,0.76,0.070,3.464,8.8e-06,0.450,0.002,4,34.87
19360,38720,61,0.77,0.046,2.876,8.8e-06,0.433,0.002,5,34.87
19370,38740,61,0.77,0.094,4.024,8.8e-06,0.434,0.002,5,34.87
19380,38760,61,0.77,0.126,5.447,8.8e-06,0.448,0.002,4,34.87
19390,38780,61,0.77,0.121,4.798,8.8e-06,0.437,0.002,5,34.87
19400,38800,61,0.77,0.092,3.598,8.8e-06,0.432,0.002,5,34.87
19410,38820,61,0.77,0.106,3.827,8.7e-06,0.433,0.002,5,34.87
19420,38840,61,0.77,0.142,5.295,8.7e-06,0.453,0.002,4,34.87
19430,38860,61,0.77,0.164,6.253,8.7e-06,0.435,0.002,5,34.87
19440,38880,61,0.77,0.083,3.885,8.7e-06,0.438,0.002,5,34.87
19450,38900,62,0.77,0.093,4.269,8.7e-06,0.455,0.002,4,34.87
19460,38920,62,0.77,0.078,3.633,8.7e-06,0.433,0.002,5,34.87
19470,38940,62,0.77,0.125,5.125,8.7e-06,0.433,0.002,5,34.87
19480,38960,62,0.77,0.137,4.831,8.7e-06,0.437,0.002,5,34.87
19490,38980,62,0.77,0.089,3.667,8.7e-06,0.450,0.002,4,34.87
19500,39000,62,0.77,0.110,4.087,8.6e-06,0.432,0.002,5,34.87
19510,39020,62,0.77,0.067,3.587,8.6e-06,0.441,0.002,5,34.87
19520,39040,62,0.77,0.073,3.783,8.6e-06,0.437,0.002,5,34.87
19530,39060,62,0.77,0.100,4.407,8.6e-06,0.453,0.002,4,34.87
19540,39080,62,0.77,0.133,4.716,8.6e-06,0.441,0.002,5,34.87
19550,39100,62,0.77,0.111,5.353,8.6e-06,0.436,0.002,5,34.87
19560,39120,62,0.77,0.134,4.036,8.6e-06,0.454,0.002,4,34.87
19570,39140,62,0.77,0.067,3.135,8.6e-06,0.432,0.002,5,34.87
19580,39160,62,0.77,0.098,4.455,8.6e-06,0.435,0.002,5,34.87
19590,39180,62,0.77,0.111,4.424,8.6e-06,0.433,0.002,5,34.87
19600,39200,62,0.77,0.121,4.391,8.5e-06,0.450,0.002,4,34.87
19610,39220,62,0.78,0.088,3.653,8.5e-06,0.432,0.002,5,34.87
19620,39240,62,0.78,0.114,4.243,8.5e-06,0.442,0.002,4,34.87
19630,39260,62,0.78,0.091,4.590,8.5e-06,0.463,0.002,4,34.87
19640,39280,62,0.78,0.082,3.425,8.5e-06,0.440,0.002,5,34.87
19650,39300,62,0.78,0.097,4.086,8.5e-06,0.445,0.002,4,34.87
19660,39320,62,0.78,0.113,5.311,8.5e-06,0.443,0.002,4,34.87
19670,39340,62,0.78,0.103,4.159,8.5e-06,0.454,0.002,4,34.87
19680,39360,62,0.78,0.108,4.065,8.5e-06,0.435,0.002,5,34.87
19690,39380,62,0.78,0.107,4.577,8.4e-06,0.437,0.002,5,34.87
19700,39400,62,0.78,0.084,4.358,8.4e-06,0.452,0.002,4,34.87
19710,39420,62,0.78,0.113,4.682,8.4e-06,0.434,0.002,5,34.87
19720,39440,62,0.78,0.113,4.781,8.4e-06,0.438,0.002,5,34.87
19730,39460,62,0.78,0.140,5.858,8.4e-06,0.440,0.002,5,34.87
19740,39480,62,0.78,0.072,3.715,8.4e-06,0.460,0.002,4,34.87
19750,39500,62,0.78,0.079,4.299,8.4e-06,0.441,0.002,5,34.87
19760,39520,62,0.78,0.091,4.995,8.4e-06,0.442,0.002,5,34.87
19770,39540,63,0.78,0.078,3.867,8.4e-06,0.465,0.002,4,34.87
19780,39560,63,0.78,0.088,4.030,8.4e-06,0.434,0.002,5,34.87
19790,39580,63,0.78,0.085,4.082,8.3e-06,0.434,0.002,5,34.87
19800,39600,63,0.78,0.168,6.226,8.3e-06,0.435,0.002,5,34.87
19810,39620,63,0.78,0.119,4.544,8.3e-06,0.449,0.002,4,34.87
19820,39640,63,0.78,0.069,3.697,8.3e-06,0.438,0.002,5,34.87
19830,39660,63,0.78,0.050,2.976,8.3e-06,0.442,0.002,4,34.87
19840,39680,63,0.78,0.090,3.963,8.3e-06,0.462,0.002,4,34.87
19850,39700,63,0.78,0.096,3.871,8.3e-06,0.441,0.002,5,34.87
19860,39720,63,0.79,0.102,4.126,8.3e-06,0.443,0.002,4,34.87
19870,39740,63,0.79,0.081,3.080,8.3e-06,0.446,0.002,4,34.87
19880,39760,63,0.79,0.117,4.499,8.3e-06,0.453,0.002,4,34.87
19890,39780,63,0.79,0.093,4.365,8.2e-06,0.444,0.002,4,34.87
19900,39800,63,0.79,0.094,3.996,8.2e-06,0.442,0.002,5,34.87
19910,39820,63,0.79,0.109,5.273,8.2e-06,0.443,0.002,4,34.87
19920,39840,63,0.79,0.091,4.506,8.2e-06,0.457,0.002,4,34.87
19930,39860,63,0.79,0.064,3.401,8.2e-06,0.443,0.002,4,34.87
19940,39880,63,0.79,0.116,4.509,8.2e-06,0.443,0.002,4,34.87
19950,39900,63,0.79,0.086,3.718,8.2e-06,0.448,0.002,4,34.87
19960,39920,63,0.79,0.083,3.792,8.2e-06,0.439,0.002,5,34.87
19970,39940,63,0.79,0.097,4.296,8.2e-06,0.436,0.002,5,34.87
19980,39960,63,0.79,0.194,6.632,8.2e-06,0.441,0.002,5,34.87
19990,39980,63,0.79,0.053,2.878,8.1e-06,0.456,0.002,4,34.87
20000,40000,63,0.79,0.108,4.413,8.1e-06,0.446,0.002,4,34.87
20010,40020,63,0.79,0.097,4.582,8.1e-06,0.443,0.002,4,34.87
20020,40040,63,0.79,0.078,4.374,8.1e-06,0.466,0.002,4,34.87
20030,40060,63,0.79,0.078,3.670,8.1e-06,0.443,0.002,4,34.87
20040,40080,63,0.79,0.086,3.866,8.1e-06,0.443,0.002,4,34.87
20050,40100,63,0.79,0.090,4.422,8.1e-06,0.439,0.002,5,34.87
20060,40120,63,0.79,0.077,3.353,8.1e-06,0.464,0.002,4,34.87
20070,40140,63,0.79,0.146,5.369,8.1e-06,0.442,0.002,5,34.87
20080,40160,63,0.79,0.076,3.075,8.0e-06,0.442,0.002,5,34.87
20090,40180,64,0.79,0.132,4.684,8.0e-06,0.458,0.002,4,34.87
20100,40200,64,0.79,0.074,3.290,8.0e-06,0.438,0.002,5,34.87
20110,40220,64,0.79,0.090,3.893,8.0e-06,0.433,0.002,5,34.87
20120,40240,64,0.80,0.121,4.996,8.0e-06,0.440,0.002,5,34.87
20130,40260,64,0.80,0.106,4.789,8.0e-06,0.461,0.002,4,34.87
20140,40280,64,0.80,0.084,4.198,8.0e-06,0.441,0.002,5,34.87
20150,40300,64,0.80,0.090,3.684,8.0e-06,0.436,0.002,5,34.87
20160,40320,64,0.80,0.102,4.367,8.0e-06,0.451,0.002,4,34.87
20170,40340,64,0.80,0.076,3.774,8.0e-06,0.438,0.002,5,34.87
20180,40360,64,0.80,0.085,4.255,7.9e-06,0.442,0.002,4,34.87
20190,40380,64,0.80,0.081,3.732,7.9e-06,0.443,0.002,4,34.87
20200,40400,64,0.80,0.088,3.602,7.9e-06,0.452,0.002,4,34.87
20210,40420,64,0.80,0.109,4.740,7.9e-06,0.441,0.002,5,34.87
20220,40440,64,0.80,0.078,3.748,7.9e-06,0.436,0.002,5,34.87
20230,40460,64,0.80,0.101,4.034,7.9e-06,0.457,0.002,4,34.87
20240,40480,64,0.80,0.067,3.553,7.9e-06,0.441,0.002,5,34.87
20250,40500,64,0.80,0.116,4.403,7.9e-06,0.435,0.002,5,34.87
20260,40520,64,0.80,0.109,4.419,7.9e-06,0.444,0.002,4,34.87
20270,40540,64,0.80,0.122,5.066,7.9e-06,0.457,0.002,4,34.87
20280,40560,64,0.80,0.070,3.194,7.8e-06,0.434,0.002,5,34.87
20290,40580,64,0.80,0.187,8.119,7.8e-06,0.444,0.002,4,34.87
20300,40600,64,0.80,0.069,3.386,7.8e-06,0.445,0.002,4,34.87
20310,40620,64,0.80,0.099,4.339,7.8e-06,0.457,0.002,4,34.87
20320,40640,64,0.80,0.095,4.406,7.8e-06,0.440,0.002,5,34.87
20330,40660,64,0.80,0.093,3.620,7.8e-06,0.438,0.002,5,34.87
20340,40680,64,0.80,0.120,4.803,7.8e-06,0.461,0.002,4,34.87
20350,40700,64,0.80,0.090,3.922,7.8e-06,0.442,0.002,5,34.87
20360,40720,64,0.80,0.128,5.304,7.8e-06,0.443,0.002,4,34.87
20370,40740,64,0.81,0.096,4.402,7.8e-06,0.439,0.002,5,34.87
20380,40760,64,0.81,0.072,3.525,7.7e-06,0.458,0.002,4,34.87
20390,40780,64,0.81,0.187,5.462,7.7e-06,0.440,0.002,5,34.87
20400,40800,65,0.81,0.136,5.411,7.7e-06,0.444,0.002,4,34.87
20410,40820,65,0.81,0.070,3.156,7.7e-06,0.459,0.002,4,34.87
20420,40840,65,0.81,0.081,3.855,7.7e-06,0.445,0.002,4,34.87
20430,40860,65,0.81,0.097,4.605,7.7e-06,0.442,0.002,5,34.87
20440,40880,65,0.81,0.099,4.143,7.7e-06,0.442,0.002,5,34.87
20450,40900,65,0.81,0.080,2.984,7.7e-06,0.460,0.002,4,34.87
20460,40920,65,0.81,0.091,3.914,7.7e-06,0.435,0.002,5,34.87
20470,40940,65,0.81,0.077,3.013,7.7e-06,0.434,0.002,5,34.87
20480,40960,65,0.81,0.138,5.179,7.6e-06,0.453,0.002,4,34.87
20490,40980,65,0.81,0.079,3.067,7.6e-06,0.441,0.002,5,34.87
20500,41000,65,0.81,0.079,3.699,7.6e-06,0.462,0.002,4,34.87
20510,41020,65,0.81,0.095,4.127,7.6e-06,0.463,0.002,4,34.87
20520,41040,65,0.81,0.109,5.304,7.6e-06,0.489,0.002,4,34.87
20530,41060,65,0.81,0.078,3.423,7.6e-06,0.467,0.002,4,34.87
20540,41080,65,0.81,0.128,4.916,7.6e-06,0.466,0.002,4,34.87
20550,41100,65,0.81,0.120,4.771,7.6e-06,0.492,0.002,4,34.87
20560,41120,65,0.81,0.075,3.236,7.6e-06,0.466,0.002,4,34.87
20570,41140,65,0.81,0.076,2.969,7.6e-06,0.462,0.002,4,34.87
20580,41160,65,0.81,0.093,3.347,7.5e-06,0.462,0.002,4,34.87
20590,41180,65,0.81,0.102,4.177,7.5e-06,0.485,0.002,4,34.87
20600,41200,65,0.81,0.096,3.917,7.5e-06,0.443,0.002,4,34.87
20610,41220,65,0.81,0.080,3.569,7.5e-06,0.444,0.002,4,34.87
20620,41240,65,0.82,0.075,3.901,7.5e-06,0.459,0.002,4,34.87
20630,41260,65,0.82,0.087,3.930,7.5e-06,0.446,0.002,4,34.87
20640,41280,65,0.82,0.088,3.865,7.5e-06,0.447,0.002,4,34.87
20650,41300,65,0.82,0.087,4.002,7.5e-06,0.445,0.002,4,34.87
20660,41320,65,0.82,0.101,4.306,7.5e-06,0.466,0.002,4,34.87
20670,41340,65,0.82,0.077,3.468,7.5e-06,0.443,0.002,4,34.87
20680,41360,65,0.82,0.127,5.317,7.5e-06,0.445,0.002,4,34.87
20690,41380,65,0.82,0.081,3.906,7.4e-06,0.444,0.002,4,34.87
20700,41400,65,0.82,0.096,3.828,7.4e-06,0.461,0.002,4,34.87
20710,41420,65,0.82,0.102,4.378,7.4e-06,0.443,0.002,4,34.87
20720,41440,66,0.82,0.087,3.476,7.4e-06,0.447,0.002,4,34.87
20730,41460,66,0.82,0.084,3.942,7.4e-06,0.459,0.002,4,34.87
20740,41480,66,0.82,0.139,5.166,7.4e-06,0.431,0.002,5,34.87
20750,41500,66,0.82,0.109,5.376,7.4e-06,0.434,0.002,5,34.87
20760,41520,66,0.82,0.115,4.550,7.4e-06,0.434,0.002,5,34.87
20770,41540,66,0.82,0.069,3.844,7.4e-06,0.454,0.002,4,34.87
20780,41560,66,0.82,0.085,3.764,7.4e-06,0.434,0.002,5,34.87
20790,41580,66,0.82,0.155,10.145,7.3e-06,0.434,0.002,5,34.87
20800,41600,66,0.82,0.082,3.759,7.3e-06,0.455,0.002,4,34.87
20810,41620,66,0.82,0.075,3.087,7.3e-06,0.435,0.002,5,34.87
20820,41640,66,0.82,0.254,6.878,7.3e-06,0.441,0.002,5,34.87
20830,41660,66,0.82,0.074,3.280,7.3e-06,0.437,0.002,5,34.87
20840,41680,66,0.82,0.071,2.822,7.3e-06,0.462,0.002,4,34.87
20850,41700,66,0.82,0.093,3.778,7.3e-06,0.454,0.002,4,34.87
20860,41720,66,0.82,0.073,3.466,7.3e-06,0.480,0.002,4,34.87
20870,41740,66,0.82,0.082,3.894,7.3e-06,0.481,0.002,4,34.87
20880,41760,66,0.83,0.087,3.686,7.3e-06,0.470,0.002,4,34.87
20890,41780,66,0.83,0.116,4.858,7.2e-06,0.462,0.002,4,34.87
20900,41800,66,0.83,0.150,5.436,7.2e-06,0.442,0.002,5,34.87
20910,41820,66,0.83,0.061,3.119,7.2e-06,0.458,0.002,4,34.87
20920,41840,66,0.83,0.110,4.183,7.2e-06,0.440,0.002,5,34.87
20930,41860,66,0.83,0.074,3.201,7.2e-06,0.440,0.002,5,34.87
20940,41880,66,0.83,0.142,5.233,7.2e-06,0.455,0.002,4,34.87
20950,41900,66,0.83,0.084,4.200,7.2e-06,0.437,0.002,5,34.87
20960,41920,66,0.83,0.086,2.895,7.2e-06,0.438,0.002,5,34.87
20970,41940,66,0.83,0.116,4.758,7.2e-06,0.436,0.002,5,34.87
20980,41960,66,0.83,0.129,5.527,7.2e-06,0.452,0.002,4,34.87
20990,41980,66,0.83,0.082,3.496,7.2e-06,0.430,0.002,5,34.87
21000,42000,66,0.83,0.182,6.927,7.1e-06,0.429,0.002,5,34.87
21010,42020,66,0.83,0.096,4.053,7.1e-06,0.452,0.002,4,34.87
21020,42040,66,0.83,0.136,4.967,7.1e-06,0.434,0.002,5,34.87
21030,42060,67,0.83,0.062,3.656,7.1e-06,0.437,0.002,5,34.87
21040,42080,67,0.83,0.075,3.183,7.1e-06,0.441,0.002,5,34.87
21050,42100,67,0.83,0.075,3.850,7.1e-06,0.453,0.002,4,34.87
21060,42120,67,0.83,0.098,4.590,7.1e-06,0.439,0.002,5,34.87
21070,42140,67,0.83,0.066,3.685,7.1e-06,0.440,0.002,5,34.87
21080,42160,67,0.83,0.094,3.792,7.1e-06,0.459,0.002,4,34.87
21090,42180,67,0.83,0.075,3.512,7.1e-06,0.440,0.002,5,34.87
21100,42200,67,0.83,0.109,5.356,7.0e-06,0.443,0.002,4,34.87
21110,42220,67,0.83,0.097,3.645,7.0e-06,0.439,0.002,5,34.87
21120,42240,67,0.83,0.099,4.309,7.0e-06,0.454,0.002,4,34.87
21130,42260,67,0.84,0.106,4.110,7.0e-06,0.437,0.002,5,34.87
21140,42280,67,0.84,0.097,3.568,7.0e-06,0.438,0.002,5,34.87
21150,42300,67,0.84,0.064,3.142,7.0e-06,0.444,0.002,4,34.87
21160,42320,67,0.84,0.135,4.601,7.0e-06,0.471,0.002,4,34.87
21170,42340,67,0.84,0.112,5.110,7.0e-06,0.481,0.002,4,34.87
21180,42360,67,0.84,0.070,3.843,7.0e-06,0.460,0.002,4,34.87
21190,42380,67,0.84,0.098,4.048,7.0e-06,0.481,0.002,4,34.87
21200,42400,67,0.84,0.159,5.931,7.0e-06,0.466,0.002,4,34.87
21210,42420,67,0.84,0.121,4.740,6.9e-06,0.472,0.002,4,34.87
21220,42440,67,0.84,0.142,4.942,6.9e-06,0.467,0.002,4,34.87
21230,42460,67,0.84,0.092,4.189,6.9e-06,0.479,0.002,4,34.87
21240,42480,67,0.84,0.144,5.713,6.9e-06,0.467,0.002,4,34.87
21250,42500,67,0.84,0.073,3.232,6.9e-06,0.476,0.002,4,34.87
21260,42520,67,0.84,0.101,4.567,6.9e-06,0.482,0.002,4,34.87
21270,42540,67,0.84,0.090,3.679,6.9e-06,0.467,0.002,4,34.87
21280,42560,67,0.84,0.097,4.229,6.9e-06,0.481,0.002,4,34.87
21290,42580,67,0.84,0.117,4.542,6.9e-06,0.479,0.002,4,34.87
21300,42600,67,0.84,0.091,4.259,6.9e-06,0.482,0.002,4,34.87
21310,42620,67,0.84,0.096,3.881,6.8e-06,0.470,0.002,4,34.87
21320,42640,67,0.84,0.084,4.020,6.8e-06,0.476,0.002,4,34.87
21330,42660,67,0.84,0.115,4.352,6.8e-06,0.504,0.002,4,34.87
21340,42680,67,0.84,0.049,3.110,6.8e-06,0.465,0.002,4,34.87
21350,42700,68,0.84,0.076,3.364,6.8e-06,0.468,0.002,4,34.87
21360,42720,68,0.84,0.083,3.984,6.8e-06,0.474,0.002,4,34.87
21370,42740,68,0.84,0.121,4.820,6.8e-06,0.508,0.002,4,34.87
21380,42760,68,0.85,0.061,3.198,6.8e-06,0.463,0.002,4,34.87
21390,42780,68,0.85,0.116,4.984,6.8e-06,0.466,0.002,4,34.87
21400,42800,68,0.85,0.155,5.098,6.8e-06,0.507,0.002,4,34.87
21410,42820,68,0.85,0.098,3.801,6.8e-06,0.480,0.002,4,34.87
21420,42840,68,0.85,0.140,5.587,6.7e-06,0.470,0.002,4,34.87
21430,42860,68,0.85,0.186,6.149,6.7e-06,0.472,0.002,4,34.87
21440,42880,68,0.85,0.088,3.589,6.7e-06,0.481,0.002,4,34.87
21450,42900,68,0.85,0.090,3.693,6.7e-06,0.472,0.002,4,34.87
21460,42920,68,0.85,0.174,6.098,6.7e-06,0.472,0.002,4,34.87
21470,42940,68,0.85,0.101,4.755,6.7e-06,0.468,0.002,4,34.87
21480,42960,68,0.85,0.054,2.987,6.7e-06,0.497,0.002,4,34.87
21490,42980,68,0.85,0.091,4.493,6.7e-06,0.479,0.002,4,34.87
21500,43000,68,0.85,0.106,3.886,6.7e-06,0.472,0.002,4,34.87
21510,43020,68,0.85,0.078,3.708,6.7e-06,0.484,0.002,4,34.87
21520,43040,68,0.85,0.133,5.130,6.7e-06,0.480,0.002,4,34.87
21530,43060,68,0.85,0.139,5.140,6.6e-06,0.480,0.002,4,34.87
21540,43080,68,0.85,0.139,5.791,6.6e-06,0.467,0.002,4,34.87
21550,43100,68,0.85,0.143,4.992,6.6e-06,0.474,0.002,4,34.87
21560,43120,68,0.85,0.078,3.922,6.6e-06,0.449,0.002,4,34.87
21570,43140,68,0.85,0.084,4.173,6.6e-06,0.439,0.002,5,34.87
21580,43160,68,0.85,0.066,3.402,6.6e-06,0.458,0.002,4,34.87
21590,43180,68,0.85,0.066,3.284,6.6e-06,0.443,0.002,4,34.87
21600,43200,68,0.85,0.089,4.184,6.6e-06,0.449,0.002,4,34.87
21610,43220,68,0.85,0.077,3.749,6.6e-06,0.483,0.002,4,34.87
21620,43240,68,0.85,0.108,4.640,6.6e-06,0.485,0.002,4,34.87
21630,43260,68,0.86,0.087,4.118,6.6e-06,0.468,0.002,4,34.87
21640,43280,68,0.86,0.110,4.597,6.5e-06,0.463,0.002,4,34.87
21650,43300,68,0.86,0.094,3.697,6.5e-06,0.494,0.002,4,34.87
21660,43320,68,0.86,0.109,4.328,6.5e-06,0.465,0.002,4,34.87
21670,43340,69,0.86,0.067,2.656,6.5e-06,0.463,0.002,4,34.87
21680,43360,69,0.86,0.089,3.363,6.5e-06,0.443,0.002,4,34.87
21690,43380,69,0.86,0.067,4.221,6.5e-06,0.452,0.002,4,34.87
21700,43400,69,0.86,0.070,3.756,6.5e-06,0.435,0.002,5,34.87
21710,43420,69,0.86,0.091,3.641,6.5e-06,0.434,0.002,5,34.87
21720,43440,69,0.86,0.101,4.077,6.5e-06,0.453,0.002,4,34.87
21730,43460,69,0.86,0.087,3.420,6.5e-06,0.438,0.002,5,34.87
21740,43480,69,0.86,0.089,3.606,6.5e-06,0.466,0.002,4,34.87
21750,43500,69,0.86,0.065,3.696,6.4e-06,0.447,0.002,4,34.87
21760,43520,69,0.86,0.073,4.049,6.4e-06,0.457,0.002,4,34.87
21770,43540,69,0.86,0.065,3.286,6.4e-06,0.447,0.002,4,34.87
21780,43560,69,0.86,0.095,4.127,6.4e-06,0.444,0.002,4,34.87
21790,43580,69,0.86,0.078,3.691,6.4e-06,0.459,0.002,4,34.87
21800,43600,69,0.86,0.072,3.417,6.4e-06,0.442,0.002,5,34.87
21810,43620,69,0.86,0.090,3.596,6.4e-06,0.442,0.002,5,34.87
21820,43640,69,0.86,0.072,4.073,6.4e-06,0.442,0.002,4,34.87
21830,43660,69,0.86,0.091,4.182,6.4e-06,0.458,0.002,4,34.87
21840,43680,69,0.86,0.072,3.674,6.4e-06,0.449,0.002,4,34.87
21850,43700,69,0.86,0.165,4.943,6.4e-06,0.439,0.002,5,34.87
21860,43720,69,0.86,0.071,3.286,6.3e-06,0.439,0.002,5,34.87
21870,43740,69,0.86,0.089,4.322,6.3e-06,0.449,0.002,4,34.87
21880,43760,69,0.86,0.093,4.340,6.3e-06,0.432,0.002,5,34.87
21890,43780,69,0.87,0.121,4.725,6.3e-06,0.427,0.002,5,34.87
21900,43800,69,0.87,0.090,4.129,6.3e-06,0.465,0.002,4,34.87
21910,43820,69,0.87,0.102,4.601,6.3e-06,0.439,0.002,5,34.87
21920,43840,69,0.87,0.088,3.190,6.3e-06,0.439,0.002,5,34.87
21930,43860,69,0.87,0.077,3.892,6.3e-06,0.449,0.002,4,34.87
21940,43880,69,0.87,0.165,4.961,6.3e-06,0.481,0.002,4,34.87
21950,43900,69,0.87,0.116,5.767,6.3e-06,0.463,0.002,4,34.87
21960,43920,69,0.87,0.154,5.028,6.3e-06,0.476,0.002,4,34.87
21970,43940,69,0.87,0.088,4.086,6.3e-06,0.483,0.002,4,34.87
21980,43960,70,0.87,0.080,3.962,6.2e-06,0.465,0.002,4,34.87
21990,43980,70,0.87,0.118,4.777,6.2e-06,0.463,0.002,4,34.87
22000,44000,70,0.87,0.088,3.887,6.2e-06,0.475,0.002,4,34.87
22010,44020,70,0.87,0.066,3.211,6.2e-06,0.482,0.002,4,34.87
22020,44040,70,0.87,0.106,4.755,6.2e-06,0.461,0.002,4,34.87
22030,44060,70,0.87,0.058,2.938,6.2e-06,0.472,0.002,4,34.87
22040,44080,70,0.87,0.178,11.514,6.2e-06,0.460,0.002,4,34.87
22050,44100,70,0.87,0.084,3.857,6.2e-06,0.441,0.002,5,34.87
22060,44120,70,0.87,0.181,7.836,6.2e-06,0.444,0.002,4,34.87
22070,44140,70,0.87,0.082,4.090,6.2e-06,0.437,0.002,5,34.87
22080,44160,70,0.87,0.086,4.264,6.2e-06,0.456,0.002,4,34.87
22090,44180,70,0.87,0.109,3.839,6.1e-06,0.441,0.002,5,34.87
22100,44200,70,0.87,0.041,2.395,6.1e-06,0.439,0.002,5,34.87
22110,44220,70,0.87,0.133,5.110,6.1e-06,0.457,0.002,4,34.87
22120,44240,70,0.87,0.112,4.088,6.1e-06,0.445,0.002,4,34.87
22130,44260,70,0.87,0.070,3.360,6.1e-06,0.441,0.002,5,34.87
22140,44280,70,0.88,0.166,9.428,6.1e-06,0.443,0.002,4,34.87
22150,44300,70,0.88,0.099,5.639,6.1e-06,0.480,0.002,4,34.87
22160,44320,70,0.88,0.105,5.338,6.1e-06,0.465,0.002,4,34.87
22170,44340,70,0.88,0.112,5.215,6.1e-06,0.469,0.002,4,34.87
22180,44360,70,0.88,0.063,3.463,6.1e-06,0.450,0.002,4,34.87
22190,44380,70,0.88,0.057,3.011,6.1e-06,0.435,0.002,5,34.87
22200,44400,70,0.88,0.065,3.579,6.1e-06,0.435,0.002,5,34.87
22210,44420,70,0.88,0.086,3.628,6.0e-06,0.435,0.002,5,34.87
22220,44440,70,0.88,0.118,5.211,6.0e-06,0.454,0.002,4,34.87
22230,44460,70,0.88,0.096,4.006,6.0e-06,0.435,0.002,5,34.87
22240,44480,70,0.88,0.154,5.392,6.0e-06,0.435,0.002,5,34.87
22250,44500,70,0.88,0.101,4.004,6.0e-06,0.436,0.002,5,34.87
22260,44520,70,0.88,0.096,4.159,6.0e-06,0.452,0.002,4,34.87
22270,44540,70,0.88,0.055,2.883,6.0e-06,0.436,0.002,5,34.87
22280,44560,70,0.88,0.073,3.886,6.0e-06,0.439,0.002,5,34.87
22290,44580,70,0.88,0.097,4.349,6.0e-06,0.457,0.002,4,34.87
22300,44600,71,0.88,0.091,4.151,6.0e-06,0.435,0.002,5,34.87
22310,44620,71,0.88,0.046,2.570,6.0e-06,0.434,0.002,5,34.87
22320,44640,71,0.88,0.116,4.812,6.0e-06,0.468,0.002,4,34.87
22330,44660,71,0.88,0.108,4.478,5.9e-06,0.487,0.002,4,34.87
22340,44680,71,0.88,0.144,5.273,5.9e-06,0.461,0.002,4,34.87
22350,44700,71,0.88,0.064,2.813,5.9e-06,0.480,0.002,4,34.87
22360,44720,71,0.88,0.097,4.257,5.9e-06,0.486,0.002,4,34.87
22370,44740,71,0.88,0.093,4.630,5.9e-06,0.470,0.002,4,34.87
22380,44760,71,0.88,0.087,3.764,5.9e-06,0.462,0.002,4,34.87
22390,44780,71,0.89,0.072,3.026,5.9e-06,0.479,0.002,4,34.87
22400,44800,71,0.89,0.115,4.265,5.9e-06,0.483,0.002,4,34.87
22410,44820,71,0.89,0.104,5.141,5.9e-06,0.464,0.002,4,34.87
22420,44840,71,0.89,0.076,3.716,5.9e-06,0.474,0.002,4,34.87
22430,44860,71,0.89,0.082,3.097,5.9e-06,0.493,0.002,4,34.87
22440,44880,71,0.89,0.077,3.636,5.8e-06,0.466,0.002,4,34.87
22450,44900,71,0.89,0.094,4.578,5.8e-06,0.464,0.002,4,34.87
22460,44920,71,0.89,0.110,4.201,5.8e-06,0.479,0.002,4,34.87
22470,44940,71,0.89,0.077,3.609,5.8e-06,0.494,0.002,4,34.87
22480,44960,71,0.89,0.072,3.390,5.8e-06,0.458,0.002,4,34.87
22490,44980,71,0.89,0.079,3.922,5.8e-06,0.437,0.002,5,34.87
22500,45000,71,0.89,0.058,2.340,5.8e-06,0.471,0.002,4,34.87
22510,45020,71,0.89,0.075,4.203,5.8e-06,0.444,0.002,4,34.87
22520,45040,71,0.89,0.117,4.552,5.8e-06,0.442,0.002,5,34.87
22530,45060,71,0.89,0.056,3.278,5.8e-06,0.444,0.002,4,34.87
22540,45080,71,0.89,0.060,3.003,5.8e-06,0.454,0.002,4,34.87
22550,45100,71,0.89,0.090,4.525,5.8e-06,0.450,0.002,4,34.87
22560,45120,71,0.89,0.128,4.620,5.7e-06,0.456,0.002,4,34.87
22570,45140,71,0.89,0.083,3.585,5.7e-06,0.453,0.002,4,34.87
22580,45160,71,0.89,0.097,3.911,5.7e-06,0.441,0.002,5,34.87
22590,45180,71,0.89,0.129,5.237,5.7e-06,0.433,0.002,5,34.87
22600,45200,71,0.89,0.084,4.044,5.7e-06,0.437,0.002,5,34.87
22610,45220,71,0.89,0.095,3.659,5.7e-06,0.455,0.002,4,34.87
22620,45240,72,0.89,0.073,3.390,5.7e-06,0.429,0.002,5,34.87
22630,45260,72,0.89,0.113,4.852,5.7e-06,0.433,0.002,5,34.87
22640,45280,72,0.89,0.067,3.335,5.7e-06,0.446,0.002,4,34.87
22650,45300,72,0.90,0.100,4.414,5.7e-06,0.432,0.002,5,34.87
22660,45320,72,0.90,0.099,4.417,5.7e-06,0.438,0.002,5,34.87
22670,45340,72,0.90,0.078,3.830,5.7e-06,0.436,0.002,5,34.87
22680,45360,72,0.90,0.145,6.536,5.7e-06,0.451,0.002,4,34.87
22690,45380,72,0.90,0.129,5.211,5.6e-06,0.476,0.002,4,34.87
22700,45400,72,0.90,0.098,3.621,5.6e-06,0.471,0.002,4,34.87
22710,45420,72,0.90,0.083,3.582,5.6e-06,0.460,0.002,4,34.87
22720,45440,72,0.90,0.076,3.299,5.6e-06,0.482,0.002,4,34.87
22730,45460,72,0.90,0.086,3.987,5.6e-06,0.460,0.002,4,34.87
22740,45480,72,0.90,0.119,4.832,5.6e-06,0.475,0.002,4,34.87
22750,45500,72,0.90,0.038,2.463,5.6e-06,0.484,0.002,4,34.87
22760,45520,72,0.90,0.063,2.861,5.6e-06,0.466,0.002,4,34.87
22770,45540,72,0.90,0.081,3.274,5.6e-06,0.458,0.002,4,34.87
22780,45560,72,0.90,0.095,3.748,5.6e-06,0.473,0.002,4,34.87
22790,45580,72,0.90,0.074,3.355,5.6e-06,0.480,0.002,4,34.87
22800,45600,72,0.90,0.073,3.592,5.6e-06,0.453,0.002,4,34.87
22810,45620,72,0.90,0.089,3.685,5.5e-06,0.441,0.002,5,34.87
22820,45640,72,0.90,0.138,5.831,5.5e-06,0.465,0.002,4,34.87
22830,45660,72,0.90,0.090,3.589,5.5e-06,0.441,0.002,5,34.87
22840,45680,72,0.90,0.086,3.941,5.5e-06,0.440,0.002,5,34.87
22850,45700,72,0.90,0.118,5.406,5.5e-06,0.457,0.002,4,34.87
22860,45720,72,0.90,0.072,4.070,5.5e-06,0.438,0.002,5,34.87
22870,45740,72,0.90,0.077,3.667,5.5e-06,0.448,0.002,4,34.87
22880,45760,72,0.90,0.086,4.195,5.5e-06,0.441,0.002,5,34.87
22890,45780,72,0.90,0.147,4.484,5.5e-06,0.463,0.002,4,34.87
22900,45800,72,0.91,0.075,3.810,5.5e-06,0.437,0.002,5,34.87
22910,45820,72,0.91,0.133,5.055,5.5e-06,0.442,0.002,4,34.87
22920,45840,72,0.91,0.087,4.108,5.5e-06,0.455,0.002,4,34.87
22930,45860,73,0.91,0.078,3.532,5.4e-06,0.456,0.002,4,34.87
22940,45880,73,0.91,0.064,3.238,5.4e-06,0.438,0.002,5,34.87
22950,45900,73,0.91,0.100,4.134,5.4e-06,0.444,0.002,4,34.87
22960,45920,73,0.91,0.105,4.903,5.4e-06,0.465,0.002,4,34.87
22970,45940,73,0.91,0.091,4.444,5.4e-06,0.443,0.002,4,34.87
22980,45960,73,0.91,0.125,4.166,5.4e-06,0.435,0.002,5,34.87
22990,45980,73,0.91,0.076,3.912,5.4e-06,0.440,0.002,5,34.87
23000,46000,73,0.91,0.103,4.697,5.4e-06,0.455,0.002,4,34.87
23010,46020,73,0.91,0.129,4.873,5.4e-06,0.436,0.002,5,34.87
23020,46040,73,0.91,0.138,4.669,5.4e-06,0.446,0.002,4,34.87
23030,46060,73,0.91,0.084,3.478,5.4e-06,0.460,0.002,4,34.87
23040,46080,73,0.91,0.093,3.757,5.4e-06,0.437,0.002,5,34.87
23050,46100,73,0.91,0.089,3.690,5.4e-06,0.437,0.002,5,34.87
23060,46120,73,0.91,0.182,6.255,5.3e-06,0.435,0.002,5,34.87
23070,46140,73,0.91,0.059,3.026,5.3e-06,0.460,0.002,4,34.87
23080,46160,73,0.91,0.068,4.071,5.3e-06,0.446,0.002,4,34.87
23090,46180,73,0.91,0.099,4.344,5.3e-06,0.445,0.002,4,34.87
23100,46200,73,0.91,0.100,3.429,5.3e-06,0.462,0.002,4,34.87
23110,46220,73,0.91,0.192,5.989,5.3e-06,0.446,0.002,4,34.87
23120,46240,73,0.91,0.096,4.287,5.3e-06,0.441,0.002,5,34.87
23130,46260,73,0.91,0.125,4.946,5.3e-06,0.449,0.002,4,34.87
23140,46280,73,0.91,0.069,3.557,5.3e-06,0.461,0.002,4,34.87
23150,46300,73,0.92,0.084,3.968,5.3e-06,0.449,0.002,4,34.87
23160,46320,73,0.92,0.158,5.536,5.3e-06,0.441,0.002,5,34.87
23170,46340,73,0.92,0.090,3.144,5.3e-06,0.459,0.002,4,34.87
23180,46360,73,0.92,0.089,3.648,5.3e-06,0.442,0.002,5,34.87
23190,46380,73,0.92,0.109,4.292,5.2e-06,0.446,0.002,4,34.87
23200,46400,73,0.92,0.165,5.356,5.2e-06,0.441,0.002,5,34.87
23210,46420,73,0.92,0.079,3.564,5.2e-06,0.450,0.002,4,34.87
23220,46440,73,0.92,0.080,3.302,5.2e-06,0.445,0.002,4,34.87
23230,46460,73,0.92,0.153,5.246,5.2e-06,0.437,0.002,5,34.87
23240,46480,73,0.92,0.100,4.445,5.2e-06,0.449,0.002,4,34.87
23250,46500,74,0.92,0.237,6.327,5.2e-06,0.437,0.002,5,34.87
23260,46520,74,0.92,0.122,4.504,5.2e-06,0.434,0.002,5,34.87
23270,46540,74,0.92,0.090,4.338,5.2e-06,0.439,0.002,5,34.87
23280,46560,74,0.92,0.067,3.555,5.2e-06,0.451,0.002,4,34.87
23290,46580,74,0.92,0.091,3.937,5.2e-06,0.439,0.002,5,34.87
23300,46600,74,0.92,0.120,4.991,5.2e-06,0.438,0.002,5,34.87
23310,46620,74,0.92,0.140,5.320,5.2e-06,0.440,0.002,5,34.87
23320,46640,74,0.92,0.115,5.126,5.1e-06,0.451,0.002,4,34.87
23330,46660,74,0.92,0.064,3.230,5.1e-06,0.439,0.002,5,34.87
23340,46680,74,0.92,0.096,4.101,5.1e-06,0.435,0.002,5,34.87
23350,46700,74,0.92,0.072,3.426,5.1e-06,0.462,0.002,4,34.87
23360,46720,74,0.92,0.089,3.992,5.1e-06,0.443,0.002,4,34.87
23370,46740,74,0.92,0.082,3.936,5.1e-06,0.439,0.002,5,34.87
23380,46760,74,0.92,0.121,5.069,5.1e-06,0.436,0.002,5,34.87
23390,46780,74,0.92,0.104,4.558,5.1e-06,0.454,0.002,4,34.87
23400,46800,74,0.92,0.150,5.031,5.1e-06,0.431,0.002,5,34.87
23410,46820,74,0.93,0.089,3.691,5.1e-06,0.434,0.002,5,34.87
23420,46840,74,0.93,0.117,4.995,5.1e-06,0.452,0.002,4,34.87
23430,46860,74,0.93,0.110,4.055,5.1e-06,0.441,0.002,5,34.87
23440,46880,74,0.93,0.059,2.773,5.1e-06,0.434,0.002,5,34.87
23450,46900,74,0.93,0.090,4.300,5.0e-06,0.440,0.002,5,34.87
23460,46920,74,0.93,0.084,3.532,5.0e-06,0.459,0.002,4,34.87
23470,46940,74,0.93,0.104,5.054,5.0e-06,0.439,0.002,5,34.87
23480,46960,74,0.93,0.127,5.103,5.0e-06,0.444,0.002,4,34.87
23490,46980,74,0.93,0.095,4.108,5.0e-06,0.458,0.002,4,34.87
23500,47000,74,0.93,0.124,4.872,5.0e-06,0.444,0.002,4,34.87
23510,47020,74,0.93,0.105,3.629,5.0e-06,0.443,0.002,4,34.87
23520,47040,74,0.93,0.083,4.817,5.0e-06,0.444,0.002,4,34.87
23530,47060,74,0.93,0.073,3.864,5.0e-06,0.457,0.002,4,34.87
23540,47080,74,0.93,0.100,4.881,5.0e-06,0.441,0.002,5,34.87
23550,47100,74,0.93,0.095,3.877,5.0e-06,0.441,0.002,5,34.87
23560,47120,75,0.93,0.095,3.625,5.0e-06,0.463,0.002,4,34.87
23570,47140,75,0.93,0.105,5.108,5.0e-06,0.441,0.002,5,34.87
23580,47160,75,0.93,0.097,3.822,5.0e-06,0.442,0.002,5,34.87
23590,47180,75,0.93,0.109,4.176,4.9e-06,0.446,0.002,4,34.87
23600,47200,75,0.93,0.124,4.946,4.9e-06,0.464,0.002,4,34.87
23610,47220,75,0.93,0.081,3.767,4.9e-06,0.441,0.002,5,34.87
23620,47240,75,0.93,0.065,3.092,4.9e-06,0.445,0.002,4,34.87
23630,47260,75,0.93,0.082,3.004,4.9e-06,0.461,0.002,4,34.87
23640,47280,75,0.93,0.118,4.691,4.9e-06,0.444,0.002,4,34.87
23650,47300,75,0.93,0.075,3.686,4.9e-06,0.445,0.002,4,34.87
23660,47320,75,0.94,0.114,4.407,4.9e-06,0.442,0.002,5,34.87
23670,47340,75,0.94,0.139,4.681,4.9e-06,0.462,0.002,4,34.87
23680,47360,75,0.94,0.094,3.915,4.9e-06,0.439,0.002,5,34.87
23690,47380,75,0.94,0.065,3.343,4.9e-06,0.440,0.002,5,34.87
23700,47400,75,0.94,0.147,5.032,4.9e-06,0.442,0.002,5,34.87
23710,47420,75,0.94,0.177,6.340,4.9e-06,0.459,0.002,4,34.87
23720,47440,75,0.94,0.105,4.481,4.8e-06,0.440,0.002,5,34.87
23730,47460,75,0.94,0.106,4.549,4.8e-06,0.438,0.002,5,34.87
23740,47480,75,0.94,0.062,2.969,4.8e-06,0.461,0.002,4,34.87
23750,47500,75,0.94,0.091,4.076,4.8e-06,0.436,0.002,5,34.87
23760,47520,75,0.94,0.077,3.528,4.8e-06,0.434,0.002,5,34.87
23770,47540,75,0.94,0.122,4.637,4.8e-06,0.439,0.002,5,34.87
23780,47560,75,0.94,0.114,4.259,4.8e-06,0.459,0.002,4,34.87
23790,47580,75,0.94,0.072,3.777,4.8e-06,0.443,0.002,4,34.87
23800,47600,75,0.94,0.084,3.607,4.8e-06,0.438,0.002,5,34.87
23810,47620,75,0.94,0.102,3.840,4.8e-06,0.462,0.002,4,34.87
23820,47640,75,0.94,0.096,4.190,4.8e-06,0.443,0.002,4,34.87
23830,47660,75,0.94,0.076,3.789,4.8e-06,0.444,0.002,4,34.87
23840,47680,75,0.94,0.105,5.205,4.8e-06,0.445,0.002,4,34.87
23850,47700,75,0.94,0.108,3.903,4.8e-06,0.464,0.002,4,34.87
23860,47720,75,0.94,0.203,8.738,4.7e-06,0.451,0.002,4,34.87
23870,47740,75,0.94,0.115,4.414,4.7e-06,0.443,0.002,4,34.87
23880,47760,76,0.94,0.140,4.872,4.7e-06,0.459,0.002,4,34.87
23890,47780,76,0.94,0.077,4.143,4.7e-06,0.438,0.002,5,34.87
23900,47800,76,0.94,0.097,4.506,4.7e-06,0.437,0.002,5,34.87
23910,47820,76,0.95,0.085,3.941,4.7e-06,0.439,0.002,5,34.87
23920,47840,76,0.95,0.104,4.319,4.7e-06,0.449,0.002,4,34.87
23930,47860,76,0.95,0.089,3.835,4.7e-06,0.431,0.002,5,34.87
23940,47880,76,0.95,0.109,4.243,4.7e-06,0.433,0.002,5,34.87
23950,47900,76,0.95,0.118,4.928,4.7e-06,0.448,0.002,4,34.87
23960,47920,76,0.95,0.122,4.352,4.7e-06,0.438,0.002,5,34.87
23970,47940,76,0.95,0.088,3.834,4.7e-06,2.351,0.002,1,34.87
23980,47960,76,0.95,0.101,4.915,4.7e-06,0.438,0.002,5,34.87
23990,47980,76,0.95,0.109,5.574,4.7e-06,0.454,0.002,4,34.87
24000,48000,76,0.95,0.082,4.462,4.7e-06,0.436,0.002,5,34.87
24010,48020,76,0.95,0.081,4.209,4.6e-06,0.436,0.002,5,34.87
24020,48040,76,0.95,0.116,5.476,4.6e-06,0.454,0.002,4,34.87
24030,48060,76,0.95,0.124,4.950,4.6e-06,0.441,0.002,5,34.87
24040,48080,76,0.95,0.088,3.588,4.6e-06,0.439,0.002,5,34.87
24050,48100,76,0.95,0.078,3.720,4.6e-06,0.440,0.002,5,34.87
24060,48120,76,0.95,0.088,4.044,4.6e-06,0.456,0.002,4,34.87
24070,48140,76,0.95,0.083,3.557,4.6e-06,0.438,0.002,5,34.87
24080,48160,76,0.95,0.110,4.934,4.6e-06,0.442,0.002,4,34.87
24090,48180,76,0.95,0.089,2.937,4.6e-06,0.440,0.002,5,34.87
24100,48200,76,0.95,0.083,3.556,4.6e-06,0.494,0.002,4,34.87
24110,48220,76,0.95,0.120,5.560,4.6e-06,0.480,0.002,4,34.87
24120,48240,76,0.95,0.095,3.888,4.6e-06,0.478,0.002,4,34.87
24130,48260,76,0.95,0.097,4.003,4.6e-06,0.486,0.002,4,34.87
24140,48280,76,0.95,0.083,3.986,4.6e-06,0.461,0.002,4,34.87
24150,48300,76,0.95,0.072,3.767,4.5e-06,0.454,0.002,4,34.87
24160,48320,76,0.96,0.061,3.020,4.5e-06,0.473,0.002,4,34.87
24170,48340,76,0.96,0.068,3.692,4.5e-06,0.481,0.002,4,34.87
24180,48360,76,0.96,0.115,5.365,4.5e-06,0.477,0.002,4,34.87
24190,48380,76,0.96,0.099,4.295,4.5e-06,0.475,0.002,4,34.87
24200,48400,77,0.96,0.142,6.379,4.5e-06,0.495,0.002,4,34.87
24210,48420,77,0.96,0.070,3.704,4.5e-06,0.468,0.002,4,34.87
24220,48440,77,0.96,0.106,4.410,4.5e-06,0.436,0.002,5,34.87
24230,48460,77,0.96,0.116,5.341,4.5e-06,0.441,0.002,5,34.87
24240,48480,77,0.96,0.062,2.854,4.5e-06,0.453,0.002,4,34.87
24250,48500,77,0.96,0.075,3.678,4.5e-06,0.428,0.002,5,34.87
24260,48520,77,0.96,0.085,4.052,4.5e-06,0.430,0.002,5,34.87
24270,48540,77,0.96,0.115,5.041,4.5e-06,0.451,0.002,4,34.87
24280,48560,77,0.96,0.115,5.665,4.5e-06,0.429,0.002,5,34.87
24290,48580,77,0.96,0.071,3.745,4.5e-06,0.428,0.002,5,34.87
24300,48600,77,0.96,0.080,3.772,4.4e-06,0.428,0.002,5,34.87
24310,48620,77,0.96,0.088,4.165,4.4e-06,0.440,0.002,5,34.87
24320,48640,77,0.96,0.075,3.515,4.4e-06,0.426,0.002,5,34.87
24330,48660,77,0.96,0.072,3.739,4.4e-06,0.427,0.002,5,34.87
24340,48680,77,0.96,0.145,5.375,4.4e-06,0.447,0.002,4,34.87
24350,48700,77,0.96,0.130,5.075,4.4e-06,0.423,0.002,5,34.87
24360,48720,77,0.96,0.084,4.171,4.4e-06,0.427,0.002,5,34.87
24370,48740,77,0.96,0.060,3.298,4.4e-06,0.428,0.002,5,34.87
24380,48760,77,0.96,0.118,4.493,4.4e-06,0.446,0.002,4,34.87
24390,48780,77,0.96,0.166,5.542,4.4e-06,0.427,0.002,5,34.87
24400,48800,77,0.96,0.101,4.199,4.4e-06,0.436,0.002,5,34.87
24410,48820,77,0.96,0.080,3.740,4.4e-06,0.469,0.002,4,34.87
24420,48840,77,0.97,0.057,2.936,4.4e-06,0.435,0.002,5,34.87
24430,48860,77,0.97,0.068,3.100,4.4e-06,0.434,0.002,5,34.87
24440,48880,77,0.97,0.120,4.617,4.4e-06,0.435,0.002,5,34.87
24450,48900,77,0.97,0.056,3.275,4.4e-06,0.454,0.002,4,34.87
24460,48920,77,0.97,0.057,2.995,4.3e-06,0.439,0.002,5,34.87
24470,48940,77,0.97,0.133,4.380,4.3e-06,0.435,0.002,5,34.87
24480,48960,77,0.97,0.076,3.511,4.3e-06,0.454,0.002,4,34.87
24490,48980,77,0.97,0.115,4.303,4.3e-06,0.441,0.002,5,34.87
24500,49000,77,0.97,0.130,6.608,4.3e-06,0.433,0.002,5,34.87
24510,49020,78,0.97,0.068,3.376,4.3e-06,0.430,0.002,5,34.87
24520,49040,78,0.97,0.091,4.667,4.3e-06,0.450,0.002,4,34.87
24530,49060,78,0.97,0.092,4.038,4.3e-06,0.434,0.002,5,34.87
24540,49080,78,0.97,0.096,4.414,4.3e-06,0.433,0.002,5,34.87
24550,49100,78,0.97,0.140,6.585,4.3e-06,0.446,0.002,4,34.87
24560,49120,78,0.97,0.110,5.325,4.3e-06,0.438,0.002,5,34.87
24570,49140,78,0.97,0.074,3.545,4.3e-06,0.440,0.002,5,34.87
24580,49160,78,0.97,0.098,3.677,4.3e-06,0.439,0.002,5,34.87
24590,49180,78,0.97,0.081,3.282,4.3e-06,0.452,0.002,4,34.87
24600,49200,78,0.97,0.055,2.970,4.3e-06,0.439,0.002,5,34.87
24610,49220,78,0.97,0.127,5.230,4.2e-06,0.440,0.002,5,34.87
24620,49240,78,0.97,0.081,5.464,4.2e-06,0.457,0.002,4,34.87
24630,49260,78,0.97,0.100,6.022,4.2e-06,0.435,0.002,5,34.87
24640,49280,78,0.97,0.125,4.822,4.2e-06,0.441,0.002,5,34.87
24650,49300,78,0.97,0.094,4.031,4.2e-06,0.440,0.002,5,34.87
24660,49320,78,0.97,0.157,4.801,4.2e-06,0.454,0.002,4,34.87
24670,49340,78,0.98,0.077,3.556,4.2e-06,0.442,0.002,5,34.87
24680,49360,78,0.98,0.082,3.485,4.2e-06,0.442,0.002,5,34.87
24690,49380,78,0.98,0.103,4.270,4.2e-06,0.442,0.002,5,34.87
24700,49400,78,0.98,0.110,4.766,4.2e-06,0.455,0.002,4,34.87
24710,49420,78,0.98,0.134,4.769,4.2e-06,0.437,0.002,5,34.87
24720,49440,78,0.98,0.101,4.409,4.2e-06,0.440,0.002,5,34.87
24730,49460,78,0.98,0.091,4.412,4.2e-06,0.455,0.002,4,34.87
24740,49480,78,0.98,0.072,3.239,4.2e-06,0.432,0.002,5,34.87
24750,49500,78,0.98,0.081,3.568,4.2e-06,0.435,0.002,5,34.87
24760,49520,78,0.98,0.090,4.348,4.2e-06,0.437,0.002,5,34.87
24770,49540,78,0.98,0.067,3.270,4.1e-06,0.463,0.002,4,34.87
24780,49560,78,0.98,0.077,4.360,4.1e-06,0.438,0.002,5,34.87
24790,49580,78,0.98,0.104,4.245,4.1e-06,0.437,0.002,5,34.87
24800,49600,78,0.98,0.098,4.493,4.1e-06,0.468,0.002,4,34.87
24810,49620,78,0.98,0.081,4.835,4.1e-06,0.440,0.002,5,34.87
24820,49640,78,0.98,0.136,6.626,4.1e-06,0.440,0.002,5,34.87
24830,49660,79,0.98,0.078,3.355,4.1e-06,0.450,0.002,4,34.87
24840,49680,79,0.98,0.094,4.190,4.1e-06,0.484,0.002,4,34.87
24850,49700,79,0.98,0.078,3.353,4.1e-06,0.461,0.002,4,34.87
24860,49720,79,0.98,0.124,5.132,4.1e-06,0.462,0.002,4,34.87
24870,49740,79,0.98,0.062,3.300,4.1e-06,0.497,0.002,4,34.87
24880,49760,79,0.98,0.117,3.844,4.1e-06,0.462,0.002,4,34.87
24890,49780,79,0.98,0.075,3.781,4.1e-06,0.478,0.002,4,34.87
24900,49800,79,0.98,0.049,2.760,4.1e-06,0.478,0.002,4,34.87
24910,49820,79,0.98,0.091,4.747,4.1e-06,0.495,0.002,4,34.87
24920,49840,79,0.99,0.086,3.960,4.1e-06,0.464,0.002,4,34.87
24930,49860,79,0.99,0.092,3.961,4.1e-06,0.479,0.002,4,34.87
24940,49880,79,0.99,0.120,5.310,4.0e-06,0.506,0.002,4,34.87
24950,49900,79,0.99,0.105,4.723,4.0e-06,0.465,0.002,4,34.87
24960,49920,79,0.99,0.077,3.859,4.0e-06,0.467,0.002,4,34.87
24970,49940,79,0.99,0.072,3.854,4.0e-06,0.464,0.002,4,34.87
24980,49960,79,0.99,0.098,4.619,4.0e-06,0.490,0.002,4,34.87
24990,49980,79,0.99,0.085,3.909,4.0e-06,0.468,0.002,4,34.87
25000,50000,79,0.99,0.111,4.244,4.0e-06,0.464,0.002,4,34.87
25010,50020,79,0.99,0.068,2.987,4.0e-06,0.481,0.002,4,34.87
25020,50040,79,0.99,0.078,2.938,4.0e-06,0.475,0.002,4,34.87
25030,50060,79,0.99,0.074,3.821,4.0e-06,0.466,0.002,4,34.87
25040,50080,79,0.99,0.078,4.216,4.0e-06,0.465,0.002,4,34.87
25050,50100,79,0.99,0.112,4.442,4.0e-06,0.483,0.002,4,34.87
25060,50120,79,0.99,0.093,4.202,4.0e-06,0.479,0.002,4,34.87
25070,50140,79,0.99,0.077,3.439,4.0e-06,0.469,0.002,4,34.87
25080,50160,79,0.99,0.093,3.488,4.0e-06,0.467,0.002,4,34.87
25090,50180,79,0.99,0.080,4.508,4.0e-06,0.483,0.002,4,34.87
25100,50200,79,0.99,0.117,4.182,4.0e-06,0.479,0.002,4,34.87
25110,50220,79,0.99,0.066,3.335,3.9e-06,0.467,0.002,4,34.87
25120,50240,79,0.99,0.109,5.377,3.9e-06,0.485,0.002,4,34.87
25130,50260,79,0.99,0.064,3.478,3.9e-06,0.478,0.002,4,34.87
25140,50280,80,0.99,0.085,3.776,3.9e-06,0.476,0.002,4,34.87
25150,50300,80,0.99,0.070,3.822,3.9e-06,0.462,0.002,4,34.87
25160,50320,80,0.99,0.065,3.285,3.9e-06,0.484,0.002,4,34.87
25170,50340,80,0.99,0.091,3.939,3.9e-06,0.477,0.002,4,34.87
25180,50360,80,1.00,0.168,5.647,3.9e-06,0.479,0.002,4,34.87
25190,50380,80,1.00,0.097,4.239,3.9e-06,0.487,0.002,4,34.87
25200,50400,80,1.00,0.059,3.506,3.9e-06,0.454,0.002,4,34.87
25210,50420,80,1.00,0.158,4.767,3.9e-06,0.451,0.002,4,34.87
25220,50440,80,1.00,0.109,4.485,3.9e-06,0.456,0.002,4,34.87
25230,50460,80,1.00,0.101,3.862,3.9e-06,0.471,0.002,4,34.87
25240,50480,80,1.00,0.112,5.288,3.9e-06,0.452,0.002,4,34.87
25250,50500,80,1.00,0.082,3.746,3.9e-06,0.449,0.002,4,34.87
25260,50520,80,1.00,0.083,3.856,3.9e-06,0.475,0.002,4,34.87
25270,50540,80,1.00,0.075,3.746,3.9e-06,0.453,0.002,4,34.87
25280,50560,80,1.00,0.088,4.518,3.8e-06,0.448,0.002,4,34.87
25290,50580,80,1.00,0.110,4.311,3.8e-06,0.443,0.002,4,34.87
25300,50600,80,1.00,0.084,3.583,3.8e-06,0.450,0.027,4,34.87
25310,50620,80,1.00,0.067,3.414,3.8e-06,0.436,0.002,5,34.87
25320,50640,80,1.00,0.125,4.606,3.8e-06,0.438,0.002,5,34.87
25330,50660,80,1.00,0.097,3.929,3.8e-06,0.452,0.002,4,34.87
25340,50680,80,1.00,0.060,3.291,3.8e-06,0.440,0.002,5,34.87
25350,50700,80,1.00,0.090,3.430,3.8e-06,0.442,0.002,5,34.87
25360,50720,80,1.00,0.115,5.026,3.8e-06,0.444,0.002,4,34.87
25370,50740,80,1.00,0.099,3.896,3.8e-06,0.474,0.002,4,34.87
25380,50760,80,1.00,0.101,4.410,3.8e-06,0.466,0.002,4,34.87
25390,50780,80,1.00,0.069,3.539,3.8e-06,0.454,0.002,4,34.87
25400,50800,80,1.00,0.117,4.541,3.8e-06,0.461,0.002,4,34.87
25410,50820,80,1.00,0.100,4.012,3.8e-06,0.439,0.002,5,34.87
25420,50840,80,1.00,0.106,4.654,3.8e-06,0.448,0.002,4,34.87
25430,50860,80,1.01,0.087,3.602,3.8e-06,0.443,0.002,4,34.87
25440,50880,80,1.01,0.121,4.341,3.8e-06,0.462,0.002,4,34.87
25450,50900,80,1.01,0.101,4.183,3.8e-06,0.443,0.002,4,34.87
25460,50920,81,1.01,0.122,5.234,3.8e-06,0.443,0.002,4,34.87
25470,50940,81,1.01,0.093,4.157,3.7e-06,0.439,0.002,5,34.87
25480,50960,81,1.01,0.153,5.749,3.7e-06,0.457,0.002,4,34.87
25490,50980,81,1.01,0.063,3.739,3.7e-06,0.439,0.002,5,34.87
25500,51000,81,1.01,0.093,4.383,3.7e-06,0.436,0.002,5,34.87
25510,51020,81,1.01,0.062,3.223,3.7e-06,0.461,0.002,4,34.87
25520,51040,81,1.01,0.067,3.305,3.7e-06,0.436,0.002,5,34.87
25530,51060,81,1.01,0.089,3.857,3.7e-06,0.434,0.002,5,34.87
25540,51080,81,1.01,0.065,3.495,3.7e-06,0.441,0.002,5,34.87
25550,51100,81,1.01,0.072,3.814,3.7e-06,0.465,0.002,4,34.87
25560,51120,81,1.01,0.074,3.253,3.7e-06,0.441,0.002,5,34.87
25570,51140,81,1.01,0.076,3.525,3.7e-06,0.436,0.002,5,34.87
25580,51160,81,1.01,0.080,3.282,3.7e-06,0.458,0.002,4,34.87
25590,51180,81,1.01,0.064,3.238,3.7e-06,0.444,0.002,4,34.87
25600,51200,81,1.01,0.096,4.154,3.7e-06,0.445,0.002,4,34.87
25610,51220,81,1.01,0.102,4.533,3.7e-06,0.457,0.002,4,34.87
25620,51240,81,1.01,0.100,4.081,3.7e-06,0.445,0.002,4,34.87
25630,51260,81,1.01,0.060,3.468,3.7e-06,0.443,0.002,4,34.87
25640,51280,81,1.01,0.076,3.502,3.7e-06,0.443,0.002,4,34.87
25650,51300,81,1.01,0.081,3.508,3.6e-06,0.460,0.002,4,34.87
25660,51320,81,1.01,0.081,3.702,3.6e-06,0.440,0.002,5,34.87
25670,51340,81,1.01,0.099,4.005,3.6e-06,0.440,0.002,5,34.87
25680,51360,81,1.02,0.073,4.301,3.6e-06,0.437,0.002,5,34.87
25690,51380,81,1.02,0.083,4.392,3.6e-06,0.451,0.002,4,34.87
25700,51400,81,1.02,0.096,4.400,3.6e-06,0.436,0.002,5,34.87
25710,51420,81,1.02,0.077,3.965,3.6e-06,0.443,0.002,4,34.87
25720,51440,81,1.02,0.078,3.683,3.6e-06,0.460,0.002,4,34.87
25730,51460,81,1.02,0.074,3.688,3.6e-06,0.438,0.002,5,34.87
25740,51480,81,1.02,0.127,9.756,3.6e-06,0.439,0.002,5,34.87
25750,51500,81,1.02,0.108,4.597,3.6e-06,0.437,0.002,5,34.87
25760,51520,81,1.02,0.097,4.433,3.6e-06,0.459,0.002,4,34.87
25770,51540,81,1.02,0.093,4.727,3.6e-06,0.439,0.002,5,34.87
25780,51560,82,1.02,0.090,3.790,3.6e-06,0.435,0.002,5,34.87
25790,51580,82,1.02,0.083,3.684,3.6e-06,0.458,0.002,4,34.87
25800,51600,82,1.02,0.123,5.353,3.6e-06,0.435,0.002,5,34.87
25810,51620,82,1.02,0.089,4.223,3.6e-06,0.430,0.002,5,34.87
25820,51640,82,1.02,0.092,4.141,3.6e-06,0.441,0.002,5,34.87
25830,51660,82,1.02,0.119,4.246,3.6e-06,0.456,0.002,4,34.87
25840,51680,82,1.02,0.072,3.061,3.6e-06,0.441,0.002,5,34.87
25850,51700,82,1.02,0.066,3.375,3.5e-06,0.436,0.002,5,34.87
25860,51720,82,1.02,0.097,4.369,3.5e-06,0.454,0.002,4,34.87
25870,51740,82,1.02,0.105,4.237,3.5e-06,0.443,0.002,4,34.87
25880,51760,82,1.02,0.110,4.651,3.5e-06,0.444,0.002,4,34.87
25890,51780,82,1.02,0.075,3.767,3.5e-06,0.436,0.002,5,34.87
25900,51800,82,1.02,0.107,4.517,3.5e-06,0.461,0.002,4,34.87
25910,51820,82,1.02,0.086,3.895,3.5e-06,0.447,0.002,4,34.87
25920,51840,82,1.02,0.102,3.958,3.5e-06,0.445,0.002,4,34.87
25930,51860,82,1.02,0.081,3.462,3.5e-06,0.461,0.002,4,34.87
25940,51880,82,1.03,0.102,3.779,3.5e-06,1.986,0.002,1,34.87
25950,51900,82,1.03,0.066,2.978,3.5e-06,0.470,0.003,4,34.87
25960,51920,82,1.03,0.114,4.428,3.5e-06,0.465,0.003,4,34.87
25970,51940,82,1.03,0.095,7.123,3.5e-06,0.488,0.003,4,34.87
25980,51960,82,1.03,0.088,4.068,3.5e-06,0.464,0.003,4,34.87
25990,51980,82,1.03,0.073,3.191,3.5e-06,0.469,0.003,4,34.87
26000,52000,82,1.03,0.068,3.599,3.5e-06,0.490,0.003,4,34.87
26010,52020,82,1.03,0.098,3.638,3.5e-06,0.453,0.003,4,34.87
26020,52040,82,1.03,0.110,4.519,3.5e-06,0.476,0.003,4,34.87
26030,52060,82,1.03,0.096,4.363,3.5e-06,0.467,0.003,4,34.87
26040,52080,82,1.03,0.095,3.382,3.5e-06,0.496,0.003,4,34.87
26050,52100,82,1.03,0.052,2.985,3.5e-06,0.451,0.003,4,34.87
26060,52120,82,1.03,0.096,4.534,3.4e-06,0.470,0.003,4,34.87
26070,52140,82,1.03,0.134,4.589,3.4e-06,0.465,0.003,4,34.87
26080,52160,82,1.03,0.078,3.738,3.4e-06,0.497,0.003,4,34.87
26090,52180,83,1.03,0.200,5.683,3.4e-06,0.453,0.003,4,34.87
26100,52200,83,1.03,0.071,3.647,3.4e-06,0.473,0.003,4,34.87
26110,52220,83,1.03,0.078,3.152,3.4e-06,0.495,0.003,4,34.87
26120,52240,83,1.03,0.100,4.336,3.4e-06,0.468,0.003,4,34.87
26130,52260,83,1.03,0.137,5.732,3.4e-06,0.454,0.003,4,34.87
26140,52280,83,1.03,0.067,3.508,3.4e-06,0.472,0.003,4,34.87
26150,52300,83,1.03,0.089,3.980,3.4e-06,0.499,0.003,4,34.87
26160,52320,83,1.03,0.061,3.519,3.4e-06,0.465,0.003,4,34.87
26170,52340,83,1.03,0.111,4.110,3.4e-06,0.459,0.003,4,34.87
26180,52360,83,1.03,0.079,3.588,3.4e-06,0.499,0.003,4,34.87
26190,52380,83,1.04,0.078,4.440,3.4e-06,0.469,0.003,4,34.87
26200,52400,83,1.04,0.072,3.248,3.4e-06,0.454,0.003,4,34.87
26210,52420,83,1.04,0.086,3.982,3.4e-06,0.456,0.003,4,34.87
26220,52440,83,1.04,0.105,4.520,3.4e-06,0.495,0.003,4,34.87
26230,52460,83,1.04,0.082,4.029,3.4e-06,0.464,0.003,4,34.87
26240,52480,83,1.04,0.085,3.749,3.4e-06,0.471,0.003,4,34.87
26250,52500,83,1.04,0.078,3.170,3.4e-06,0.486,0.003,4,34.87
26260,52520,83,1.04,0.113,4.890,3.4e-06,0.468,0.003,4,34.87
26270,52540,83,1.04,0.122,5.140,3.3e-06,0.471,0.003,4,34.87
26280,52560,83,1.04,0.060,2.945,3.3e-06,0.467,0.003,4,34.87
26290,52580,83,1.04,0.058,2.787,3.3e-06,0.486,0.003,4,34.87
26300,52600,83,1.04,0.067,2.900,3.3e-06,0.471,0.003,4,34.87
26310,52620,83,1.04,0.086,4.154,3.3e-06,0.438,0.002,5,34.87
26320,52640,83,1.04,0.065,2.899,3.3e-06,0.449,0.002,4,34.87
26330,52660,83,1.04,0.130,4.913,3.3e-06,0.432,0.002,5,34.87
26340,52680,83,1.04,0.144,4.856,3.3e-06,0.434,0.002,5,34.87
26350,52700,83,1.04,0.093,4.173,3.3e-06,0.432,0.002,5,34.87
26360,52720,83,1.04,0.124,5.947,3.3e-06,0.448,0.002,4,34.87
26370,52740,83,1.04,0.093,4.235,3.3e-06,0.446,0.002,4,34.87
26380,52760,83,1.04,0.097,3.867,3.3e-06,0.440,0.002,5,34.87
26390,52780,83,1.04,0.098,4.133,3.3e-06,0.455,0.002,4,34.87
26400,52800,83,1.04,0.088,3.620,3.3e-06,0.439,0.002,5,34.87
26410,52820,84,1.04,0.083,3.531,3.3e-06,0.446,0.002,4,34.87
26420,52840,84,1.04,0.189,6.133,3.3e-06,0.437,0.002,5,34.87
26430,52860,84,1.04,0.081,4.156,3.3e-06,0.450,0.002,4,34.87
26440,52880,84,1.05,0.067,3.102,3.3e-06,0.434,0.002,5,34.87
26450,52900,84,1.05,0.082,3.685,3.3e-06,0.433,0.002,5,34.87
26460,52920,84,1.05,0.159,5.960,3.3e-06,0.452,0.002,4,34.87
26470,52940,84,1.05,0.074,3.416,3.3e-06,0.432,0.002,5,34.87
26480,52960,84,1.05,0.086,4.063,3.3e-06,0.437,0.002,5,34.87
26490,52980,84,1.05,0.129,5.729,3.3e-06,0.436,0.002,5,34.87
26500,53000,84,1.05,0.135,7.365,3.2e-06,0.455,0.002,4,34.87
26510,53020,84,1.05,0.049,2.902,3.2e-06,0.439,0.002,5,34.87
26520,53040,84,1.05,0.067,3.238,3.2e-06,0.435,0.002,5,34.87
26530,53060,84,1.05,0.116,4.822,3.2e-06,0.437,0.002,5,34.87
26540,53080,84,1.05,0.075,3.264,3.2e-06,0.451,0.002,4,34.87
26550,53100,84,1.05,0.159,4.661,3.2e-06,0.434,0.002,5,34.87
26560,53120,84,1.05,0.050,2.756,3.2e-06,0.433,0.002,5,34.87
26570,53140,84,1.05,0.089,4.519,3.2e-06,0.448,0.002,4,34.87
26580,53160,84,1.05,0.104,4.654,3.2e-06,0.436,0.002,5,34.87
26590,53180,84,1.05,0.071,3.814,3.2e-06,0.436,0.002,5,34.87
26600,53200,84,1.05,0.061,3.256,3.2e-06,0.434,0.002,5,34.87
26610,53220,84,1.05,0.058,3.247,3.2e-06,0.451,0.002,4,34.87
26620,53240,84,1.05,0.055,3.632,3.2e-06,0.437,0.002,5,34.87
26630,53260,84,1.05,0.125,4.915,3.2e-06,0.436,0.002,5,34.87
26640,53280,84,1.05,0.111,3.866,3.2e-06,0.450,0.002,4,34.87
26650,53300,84,1.05,0.121,5.480,3.2e-06,0.434,0.002,5,34.87
26660,53320,84,1.05,0.095,3.495,3.2e-06,0.436,0.002,5,34.87
26670,53340,84,1.05,0.093,3.762,3.2e-06,0.435,0.002,5,34.87
26680,53360,84,1.05,0.096,3.902,3.2e-06,0.448,0.002,4,34.87
26690,53380,84,1.06,0.092,4.316,3.2e-06,0.437,0.002,5,34.87
26700,53400,84,1.06,0.094,4.218,3.2e-06,0.435,0.002,5,34.87
26710,53420,84,1.06,0.105,4.111,3.2e-06,0.454,0.002,4,34.87
26720,53440,84,1.06,0.056,3.317,3.2e-06,0.439,0.002,5,34.87
26730,53460,85,1.06,0.080,3.700,3.2e-06,0.439,0.002,5,34.87
26740,53480,85,1.06,0.131,4.820,3.2e-06,0.436,0.002,5,34.87
26750,53500,85,1.06,0.098,4.225,3.1e-06,0.449,0.002,4,34.87
26760,53520,85,1.06,0.085,4.294,3.1e-06,0.430,0.002,5,34.87
26770,53540,85,1.06,0.066,3.580,3.1e-06,0.437,0.002,5,34.87
26780,53560,85,1.06,0.054,2.819,3.1e-06,0.435,0.002,5,34.87
26790,53580,85,1.06,0.102,3.710,3.1e-06,0.449,0.002,4,34.87
26800,53600,85,1.06,0.100,4.326,3.1e-06,0.430,0.002,5,34.87
26810,53620,85,1.06,0.075,3.727,3.1e-06,0.435,0.002,5,34.87
26820,53640,85,1.06,0.074,4.040,3.1e-06,0.451,0.002,4,34.87
26830,53660,85,1.06,0.093,3.662,3.1e-06,0.434,0.002,5,34.87
26840,53680,85,1.06,0.037,2.629,3.1e-06,0.431,0.002,5,34.87
26850,53700,85,1.06,0.100,4.645,3.1e-06,0.437,0.002,5,34.87
26860,53720,85,1.06,0.071,3.732,3.1e-06,0.455,0.002,4,34.87
26870,53740,85,1.06,0.079,3.283,3.1e-06,0.436,0.002,5,34.87
26880,53760,85,1.06,0.064,2.846,3.1e-06,0.435,0.002,5,34.87
26890,53780,85,1.06,0.059,2.768,3.1e-06,0.454,0.002,4,34.87
26900,53800,85,1.06,0.126,5.772,3.1e-06,0.448,0.002,4,34.87
26910,53820,85,1.06,0.082,3.966,3.1e-06,0.442,0.002,5,34.87
26920,53840,85,1.06,0.071,3.321,3.1e-06,0.439,0.002,5,34.87
26930,53860,85,1.06,0.083,3.512,3.1e-06,0.460,0.002,4,34.87
26940,53880,85,1.06,0.109,5.525,3.1e-06,0.439,0.002,5,34.87
26950,53900,85,1.07,0.049,3.168,3.1e-06,0.440,0.002,5,34.87
26960,53920,85,1.07,0.073,2.998,3.1e-06,0.458,0.002,4,34.87
26970,53940,85,1.07,0.074,3.954,3.1e-06,0.437,0.002,5,34.87
26980,53960,85,1.07,0.087,4.123,3.1e-06,0.441,0.002,5,34.87
26990,53980,85,1.07,0.117,4.843,3.1e-06,0.438,0.002,5,34.87
27000,54000,85,1.07,0.094,4.137,3.1e-06,0.469,0.002,4,34.87
27010,54020,85,1.07,0.123,5.113,3.0e-06,0.451,0.002,4,34.87
27020,54040,85,1.07,0.103,4.239,3.0e-06,0.437,0.002,5,34.87
27030,54060,85,1.07,0.095,3.838,3.0e-06,0.449,0.002,4,34.87
27040,54080,86,1.07,0.052,2.804,3.0e-06,0.438,0.002,5,34.87
27050,54100,86,1.07,0.094,3.959,3.0e-06,0.438,0.002,5,34.87
27060,54120,86,1.07,0.094,3.790,3.0e-06,0.433,0.002,5,34.87
27070,54140,86,1.07,0.105,5.099,3.0e-06,0.451,0.002,4,34.87
27080,54160,86,1.07,0.067,3.180,3.0e-06,0.436,0.002,5,34.87
27090,54180,86,1.07,0.084,4.055,3.0e-06,0.435,0.002,5,34.87
27100,54200,86,1.07,0.101,4.545,3.0e-06,0.451,0.002,4,34.87
27110,54220,86,1.07,0.086,3.751,3.0e-06,0.433,0.002,5,34.87
27120,54240,86,1.07,0.072,3.449,3.0e-06,0.436,0.002,5,34.87
27130,54260,86,1.07,0.088,4.243,3.0e-06,0.441,0.002,5,34.87
27140,54280,86,1.07,0.074,3.590,3.0e-06,0.453,0.002,4,34.87
27150,54300,86,1.07,0.064,3.844,3.0e-06,0.426,0.002,5,34.87
27160,54320,86,1.07,0.072,3.186,3.0e-06,0.438,0.002,5,34.87
27170,54340,86,1.07,0.086,4.095,3.0e-06,0.434,0.002,5,34.87
27180,54360,86,1.07,0.099,4.194,3.0e-06,0.450,0.002,4,34.87
27190,54380,86,1.07,0.098,4.830,3.0e-06,0.434,0.002,5,34.87
27200,54400,86,1.08,0.088,3.406,3.0e-06,0.439,0.002,5,34.87
27210,54420,86,1.08,0.104,4.002,3.0e-06,0.453,0.002,4,34.87
27220,54440,86,1.08,0.095,3.612,3.0e-06,0.437,0.002,5,34.87
27230,54460,86,1.08,0.169,5.115,3.0e-06,0.432,0.002,5,34.87
27240,54480,86,1.08,0.096,4.535,3.0e-06,0.438,0.002,5,34.87
27250,54500,86,1.08,0.096,4.185,3.0e-06,0.450,0.002,4,34.87
27260,54520,86,1.08,0.154,5.686,3.0e-06,0.432,0.002,5,34.87
27270,54540,86,1.08,0.081,3.540,3.0e-06,0.436,0.002,5,34.87
27280,54560,86,1.08,0.108,4.498,3.0e-06,0.453,0.002,4,34.87
27290,54580,86,1.08,0.072,3.672,3.0e-06,0.432,0.002,5,34.87
27300,54600,86,1.08,0.089,4.168,2.9e-06,0.434,0.002,5,34.87
27310,54620,86,1.08,0.060,2.546,2.9e-06,0.434,0.002,5,34.87
27320,54640,86,1.08,0.081,3.402,2.9e-06,0.451,0.002,4,34.87
27330,54660,86,1.08,0.077,4.133,2.9e-06,0.435,0.002,5,34.87
27340,54680,86,1.08,0.078,3.579,2.9e-06,0.438,0.002,5,34.87
27350,54700,86,1.08,0.067,3.275,2.9e-06,0.450,0.002,4,34.87
27360,54720,87,1.08,0.104,4.078,2.9e-06,0.436,0.002,5,34.87
27370,54740,87,1.08,0.107,4.333,2.9e-06,0.434,0.002,5,34.87
27380,54760,87,1.08,0.151,4.902,2.9e-06,0.433,0.002,5,34.87
27390,54780,87,1.08,0.107,4.442,2.9e-06,0.455,0.002,4,34.87
27400,54800,87,1.08,0.089,3.602,2.9e-06,0.437,0.002,5,34.87
27410,54820,87,1.08,0.076,3.573,2.9e-06,0.435,0.002,5,34.87
27420,54840,87,1.08,0.098,3.879,2.9e-06,0.455,0.002,4,34.87
27430,54860,87,1.08,0.077,3.921,2.9e-06,0.451,0.002,4,34.87
27440,54880,87,1.08,0.092,3.853,2.9e-06,0.442,0.002,5,34.87
27450,54900,87,1.09,0.125,5.111,2.9e-06,0.436,0.002,5,34.87
27460,54920,87,1.09,0.121,4.119,2.9e-06,0.456,0.002,4,34.87
27470,54940,87,1.09,0.074,3.775,2.9e-06,0.441,0.002,5,34.87
27480,54960,87,1.09,0.041,2.428,2.9e-06,0.442,0.002,5,34.87
27490,54980,87,1.09,0.117,4.846,2.9e-06,0.456,0.002,4,34.87
27500,55000,87,1.09,0.073,3.323,2.9e-06,0.438,0.002,5,34.87
27510,55020,87,1.09,0.073,3.110,2.9e-06,0.434,0.002,5,34.87
27520,55040,87,1.09,0.108,3.924,2.9e-06,0.434,0.002,5,34.87
27530,55060,87,1.09,0.109,4.411,2.9e-06,0.451,0.002,4,34.87
27540,55080,87,1.09,0.082,3.482,2.9e-06,0.439,0.002,5,34.87
27550,55100,87,1.09,0.125,5.201,2.9e-06,0.437,0.002,5,34.87
27560,55120,87,1.09,0.065,3.534,2.9e-06,0.455,0.002,4,34.87
27570,55140,87,1.09,0.056,3.017,2.9e-06,0.441,0.002,5,34.87
27580,55160,87,1.09,0.061,3.057,2.9e-06,0.445,0.002,4,34.87
27590,55180,87,1.09,0.084,3.735,2.9e-06,0.447,0.002,4,34.87
27600,55200,87,1.09,0.123,4.321,2.9e-06,0.457,0.002,4,34.87
27610,55220,87,1.09,0.080,3.522,2.9e-06,0.438,0.002,5,34.87
27620,55240,87,1.09,0.112,5.134,2.8e-06,0.437,0.002,5,34.87
27630,55260,87,1.09,0.104,4.630,2.8e-06,0.439,0.002,5,34.87
27640,55280,87,1.09,0.059,2.974,2.8e-06,0.453,0.002,4,34.87
27650,55300,87,1.09,0.124,4.789,2.8e-06,0.437,0.002,5,34.87
27660,55320,87,1.09,0.065,3.804,2.8e-06,0.439,0.002,5,34.87
27670,55340,88,1.09,0.091,4.122,2.8e-06,0.463,0.002,4,34.87
27680,55360,88,1.09,0.082,3.630,2.8e-06,0.438,0.002,5,34.87
27690,55380,88,1.09,0.098,5.763,2.8e-06,0.434,0.002,5,34.87
27700,55400,88,1.09,0.112,4.182,2.8e-06,0.438,0.002,5,34.87
27710,55420,88,1.10,0.091,3.509,2.8e-06,0.455,0.002,4,34.87
27720,55440,88,1.10,0.115,4.499,2.8e-06,0.436,0.002,5,34.87
27730,55460,88,1.10,0.110,4.431,2.8e-06,0.434,0.002,5,34.87
27740,55480,88,1.10,0.106,5.073,2.8e-06,0.454,0.002,4,34.87
27750,55500,88,1.10,0.103,4.500,2.8e-06,0.433,0.002,5,34.87
27760,55520,88,1.10,0.063,3.582,2.8e-06,0.438,0.002,5,34.87
27770,55540,88,1.10,0.064,3.546,2.8e-06,0.478,0.002,4,34.87
27780,55560,88,1.10,0.099,4.296,2.8e-06,0.486,0.002,4,34.87
27790,55580,88,1.10,0.102,4.139,2.8e-06,0.482,0.002,4,34.87
27800,55600,88,1.10,0.083,3.302,2.8e-06,0.480,0.002,4,34.87
27810,55620,88,1.10,0.116,11.784,2.8e-06,0.494,0.002,4,34.87
27820,55640,88,1.10,0.045,2.706,2.8e-06,0.468,0.002,4,34.87
27830,55660,88,1.10,0.085,3.844,2.8e-06,0.465,0.002,4,34.87
27840,55680,88,1.10,0.086,4.194,2.8e-06,0.472,0.002,4,34.87
27850,55700,88,1.10,0.066,3.239,2.8e-06,0.498,0.002,4,34.87
27860,55720,88,1.10,0.076,4.189,2.8e-06,0.471,0.002,4,34.87
27870,55740,88,1.10,0.093,4.658,2.8e-06,0.473,0.002,4,34.87
27880,55760,88,1.10,0.106,4.716,2.8e-06,0.491,0.002,4,34.87
27890,55780,88,1.10,0.128,5.175,2.8e-06,0.470,0.002,4,34.87
27900,55800,88,1.10,0.088,3.627,2.8e-06,0.466,0.002,4,34.87
27910,55820,88,1.10,0.103,4.748,2.8e-06,0.463,0.002,4,34.87
27920,55840,88,1.10,0.116,4.486,2.8e-06,0.493,0.002,4,34.87
27930,55860,88,1.10,0.092,3.691,2.8e-06,0.465,0.002,4,34.87
27940,55880,88,1.10,0.086,3.774,2.8e-06,0.471,0.002,4,34.87
27950,55900,88,1.10,0.082,3.304,2.8e-06,0.485,0.002,4,34.87
27960,55920,88,1.11,0.091,4.158,2.8e-06,0.477,0.002,4,34.87
27970,55940,88,1.11,0.087,4.468,2.8e-06,0.465,0.002,4,34.87
27980,55960,88,1.11,0.119,4.530,2.8e-06,0.467,0.002,4,34.87
27990,55980,89,1.11,0.080,3.704,2.7e-06,0.485,0.002,4,34.87
28000,56000,89,1.11,0.092,4.722,2.7e-06,0.478,0.002,4,34.87
28010,56020,89,1.11,0.080,3.676,2.7e-06,0.467,0.002,4,34.87
28020,56040,89,1.11,0.053,2.621,2.7e-06,0.467,0.002,4,34.87
28030,56060,89,1.11,0.112,5.603,2.7e-06,0.482,0.002,4,34.87
28040,56080,89,1.11,0.084,3.322,2.7e-06,0.476,0.002,4,34.87
28050,56100,89,1.11,0.070,2.969,2.7e-06,0.468,0.002,4,34.87
28060,56120,89,1.11,0.097,4.424,2.7e-06,0.483,0.002,4,34.87
28070,56140,89,1.11,0.091,4.507,2.7e-06,0.464,0.002,4,34.87
28080,56160,89,1.11,0.120,4.730,2.7e-06,0.482,0.002,4,34.87
28090,56180,89,1.11,0.075,3.278,2.7e-06,0.467,0.002,4,34.87
28100,56200,89,1.11,0.068,3.156,2.7e-06,0.485,0.002,4,34.87
28110,56220,89,1.11,0.072,3.306,2.7e-06,0.462,0.002,4,34.87
28120,56240,89,1.11,0.094,4.000,2.7e-06,0.477,0.002,4,34.87
28130,56260,89,1.11,0.072,3.380,2.7e-06,0.466,0.002,4,34.87
28140,56280,89,1.11,0.120,4.589,2.7e-06,0.446,0.002,4,34.87
28150,56300,89,1.11,0.098,4.402,2.7e-06,0.441,0.002,5,34.87
28160,56320,89,1.11,0.169,5.163,2.7e-06,0.439,0.002,5,34.87
28170,56340,89,1.11,0.102,3.905,2.7e-06,0.454,0.002,4,34.87
28180,56360,89,1.11,0.070,3.530,2.7e-06,0.437,0.002,5,34.87
28190,56380,89,1.11,0.096,4.345,2.7e-06,0.436,0.002,5,34.87
28200,56400,89,1.11,0.105,4.300,2.7e-06,0.457,0.002,4,34.87
28210,56420,89,1.12,0.073,2.986,2.7e-06,0.436,0.002,5,34.87
28220,56440,89,1.12,0.103,4.901,2.7e-06,0.446,0.002,4,34.87
28230,56460,89,1.12,0.057,3.185,2.7e-06,0.475,0.002,4,34.87
28240,56480,89,1.12,0.072,3.473,2.7e-06,0.490,0.002,4,34.87
28250,56500,89,1.12,0.106,4.604,2.7e-06,0.462,0.002,4,34.87
28260,56520,89,1.12,0.084,3.790,2.7e-06,0.460,0.002,4,34.87
28270,56540,89,1.12,0.113,4.046,2.7e-06,0.486,0.002,4,34.87
28280,56560,89,1.12,0.071,3.051,2.7e-06,0.460,0.002,4,34.87
28290,56580,89,1.12,0.063,2.998,2.7e-06,0.438,0.002,5,34.87
28300,56600,89,1.12,0.119,4.387,2.7e-06,0.465,0.002,4,34.87
28310,56620,90,1.12,0.125,4.891,2.7e-06,0.492,0.002,4,34.87
28320,56640,90,1.12,0.085,4.572,2.7e-06,0.462,0.002,4,34.87
28330,56660,90,1.12,0.095,4.190,2.7e-06,0.466,0.002,4,34.87
28340,56680,90,1.12,0.100,3.975,2.7e-06,0.481,0.002,4,34.87
28350,56700,90,1.12,0.097,4.066,2.7e-06,0.471,0.002,4,34.87
28360,56720,90,1.12,0.094,4.124,2.7e-06,0.461,0.002,4,34.87
28370,56740,90,1.12,0.066,3.106,2.7e-06,0.461,0.002,4,34.87
28380,56760,90,1.12,0.092,3.982,2.7e-06,0.504,0.002,4,34.87
28390,56780,90,1.12,0.090,3.766,2.7e-06,0.474,0.002,4,34.87
28400,56800,90,1.12,0.100,4.471,2.7e-06,0.467,0.002,4,34.87
28410,56820,90,1.12,0.140,5.724,2.7e-06,0.490,0.002,4,34.87
28420,56840,90,1.12,0.026,1.521,2.7e-06,0.475,0.002,4,34.87
28430,56860,90,1.12,0.073,4.105,2.7e-06,0.476,0.002,4,34.87
28440,56880,90,1.12,0.069,3.491,2.7e-06,0.458,0.002,4,34.87
28450,56900,90,1.12,0.088,4.119,2.6e-06,0.455,0.002,4,34.87
28460,56920,90,1.12,0.092,4.311,2.6e-06,0.436,0.002,5,34.87
28470,56940,90,1.13,0.062,3.133,2.6e-06,0.438,0.002,5,34.87
28480,56960,90,1.13,0.071,2.940,2.6e-06,0.441,0.002,5,34.87
28490,56980,90,1.13,0.104,4.806,2.6e-06,0.456,0.002,4,34.87
28500,57000,90,1.13,0.077,3.283,2.6e-06,0.438,0.002,5,34.87
28510,57020,90,1.13,0.093,3.876,2.6e-06,0.440,0.002,5,34.87
28520,57040,90,1.13,0.135,7.271,2.6e-06,1.103,0.002,2,34.87
28530,57060,90,1.13,0.088,3.562,2.6e-06,0.468,0.003,4,34.87
28540,57080,90,1.13,0.069,3.963,2.6e-06,0.462,0.003,4,34.87
28550,57100,90,1.13,0.060,2.747,2.6e-06,0.454,0.003,4,34.87
28560,57120,90,1.13,0.067,3.479,2.6e-06,0.502,0.003,4,34.87
28570,57140,90,1.13,0.100,3.933,2.6e-06,0.468,0.003,4,34.87
28580,57160,90,1.13,0.084,4.003,2.6e-06,0.453,0.003,4,34.87
28590,57180,90,1.13,0.067,4.175,2.6e-06,0.461,0.002,4,34.87
28600,57200,90,1.13,0.092,3.941,2.6e-06,0.445,0.002,4,34.87
28610,57220,90,1.13,0.067,3.090,2.6e-06,0.443,0.002,4,34.87
28620,57240,91,1.13,0.096,3.958,2.6e-06,0.442,0.002,4,34.87
28630,57260,91,1.13,0.088,4.870,2.6e-06,0.457,0.002,4,34.87
28640,57280,91,1.13,0.092,4.001,2.6e-06,0.441,0.002,5,34.87
28650,57300,91,1.13,0.142,6.628,2.6e-06,0.436,0.002,5,34.87
28660,57320,91,1.13,0.072,3.513,2.6e-06,0.457,0.002,4,34.87
28670,57340,91,1.13,0.112,4.920,2.6e-06,0.436,0.002,5,34.87
28680,57360,91,1.13,0.099,4.124,2.6e-06,0.436,0.002,5,34.87
28690,57380,91,1.13,0.069,3.526,2.6e-06,0.439,0.002,5,34.87
28700,57400,91,1.13,0.076,3.886,2.6e-06,0.454,0.002,4,34.87
28710,57420,91,1.13,0.090,4.135,2.6e-06,0.434,0.002,5,34.87
28720,57440,91,1.14,0.098,4.686,2.6e-06,0.443,0.002,4,34.87
28730,57460,91,1.14,0.102,4.789,2.6e-06,0.439,0.002,5,34.87
28740,57480,91,1.14,0.138,4.812,2.6e-06,0.451,0.002,4,34.87
28750,57500,91,1.14,0.133,5.318,2.6e-06,0.439,0.002,5,34.87
28760,57520,91,1.14,0.069,3.712,2.6e-06,0.439,0.002,5,34.87
28770,57540,91,1.14,0.088,3.935,2.6e-06,0.463,0.002,4,34.87
28780,57560,91,1.14,0.116,5.084,2.6e-06,0.439,0.002,5,34.87
28790,57580,91,1.14,0.147,4.727,2.6e-06,0.449,0.002,4,34.87
28800,57600,91,1.14,0.080,3.477,2.6e-06,0.471,0.003,4,34.87
28810,57620,91,1.14,0.083,4.335,2.6e-06,0.497,0.003,4,34.87
28820,57640,91,1.14,0.086,4.155,2.6e-06,0.467,0.003,4,34.87
28830,57660,91,1.14,0.082,3.832,2.6e-06,0.455,0.003,4,34.87
28840,57680,91,1.14,0.079,3.575,2.6e-06,0.483,0.002,4,34.87
28850,57700,91,1.14,0.119,4.296,2.6e-06,0.465,0.002,4,34.87
28860,57720,91,1.14,0.097,4.049,2.6e-06,0.475,0.002,4,34.87
28870,57740,91,1.14,0.075,3.822,2.6e-06,0.473,0.002,4,34.87
28880,57760,91,1.14,0.086,3.786,2.6e-06,0.480,0.002,4,34.87
28890,57780,91,1.14,0.086,4.148,2.6e-06,0.466,0.002,4,34.87
28900,57800,91,1.14,0.097,4.040,2.6e-06,0.434,0.002,5,34.87
28910,57820,91,1.14,0.117,4.498,2.6e-06,0.452,0.002,4,34.87
28920,57840,91,1.14,0.099,4.518,2.6e-06,0.438,0.002,5,34.87
28930,57860,91,1.14,0.072,3.950,2.6e-06,0.433,0.002,5,34.87
28940,57880,92,1.14,0.108,3.913,2.6e-06,0.434,0.002,5,34.87
28950,57900,92,1.14,0.060,3.311,2.6e-06,0.448,0.002,4,34.87
28960,57920,92,1.14,0.087,3.717,2.6e-06,0.437,0.002,5,34.87
28970,57940,92,1.15,0.168,6.207,2.6e-06,0.442,0.002,5,34.87
28980,57960,92,1.15,0.077,3.646,2.6e-06,0.448,0.002,4,34.87
28990,57980,92,1.15,0.089,4.197,2.6e-06,0.438,0.002,5,34.87
29000,58000,92,1.15,0.084,3.591,2.6e-06,0.434,0.002,5,34.87
29010,58020,92,1.15,0.082,4.133,2.6e-06,0.432,0.002,5,34.87
29020,58040,92,1.15,0.091,4.441,2.6e-06,0.453,0.002,4,34.87
29030,58060,92,1.15,0.104,4.888,2.6e-06,0.438,0.002,5,34.87
29040,58080,92,1.15,0.123,4.407,2.6e-06,0.435,0.002,5,34.87
29050,58100,92,1.15,0.072,3.432,2.6e-06,0.461,0.002,4,34.87
29060,58120,92,1.15,0.075,4.187,2.6e-06,0.440,0.002,5,34.87
29070,58140,92,1.15,0.091,4.282,2.6e-06,0.438,0.002,5,34.87
29080,58160,92,1.15,0.062,3.307,2.6e-06,0.441,0.002,5,34.87
29090,58180,92,1.15,0.087,3.603,2.6e-06,0.457,0.002,4,34.87
29100,58200,92,1.15,0.114,4.741,2.6e-06,0.462,0.002,4,34.87
29110,58220,92,1.15,0.073,3.756,2.5e-06,0.468,0.002,4,34.87
29120,58240,92,1.15,0.084,3.666,2.5e-06,0.466,0.002,4,34.87
29130,58260,92,1.15,0.112,4.615,2.5e-06,0.492,0.002,4,34.87
29140,58280,92,1.15,0.073,2.918,2.5e-06,0.477,0.002,4,34.87
29150,58300,92,1.15,0.060,3.188,2.5e-06,0.465,0.002,4,34.87
29160,58320,92,1.15,0.073,3.396,2.5e-06,0.483,0.002,4,34.87
29170,58340,92,1.15,0.120,5.324,2.5e-06,0.477,0.002,4,34.87
29180,58360,92,1.15,0.107,4.110,2.5e-06,0.465,0.002,4,34.87
29190,58380,92,1.15,0.132,5.733,2.5e-06,0.463,0.002,4,34.87
29200,58400,92,1.15,0.079,3.753,2.5e-06,0.492,0.002,4,34.87
29210,58420,92,1.15,0.078,3.368,2.5e-06,0.477,0.002,4,34.87
29220,58440,92,1.16,0.106,4.547,2.5e-06,0.470,0.002,4,34.87
29230,58460,92,1.16,0.073,3.760,2.5e-06,0.484,0.002,4,34.87
29240,58480,92,1.16,0.126,5.220,2.5e-06,0.466,0.002,4,34.87
29250,58500,92,1.16,0.103,4.510,2.5e-06,0.477,0.002,4,34.87
29260,58520,93,1.16,0.064,2.889,2.5e-06,0.474,0.002,4,34.87
29270,58540,93,1.16,0.107,4.064,2.5e-06,0.484,0.002,4,34.87
29280,58560,93,1.16,0.103,4.476,2.5e-06,0.463,0.002,4,34.87
29290,58580,93,1.16,0.074,3.633,2.5e-06,0.461,0.002,4,34.87
29300,58600,93,1.16,0.081,2.783,2.5e-06,0.494,0.002,4,34.87
29310,58620,93,1.16,0.077,3.608,2.5e-06,0.466,0.002,4,34.87
29320,58640,93,1.16,0.101,4.440,2.5e-06,0.481,0.002,4,34.87
29330,58660,93,1.16,0.083,4.368,2.5e-06,0.476,0.002,4,34.87
29340,58680,93,1.16,0.094,3.979,2.5e-06,0.496,0.002,4,34.87
29350,58700,93,1.16,0.070,3.029,2.5e-06,0.465,0.002,4,34.87
29360,58720,93,1.16,0.146,5.568,2.5e-06,0.465,0.002,4,34.87
29370,58740,93,1.16,0.138,5.512,2.5e-06,0.489,0.002,4,34.87
29380,58760,93,1.16,0.108,4.316,2.5e-06,0.462,0.002,4,34.87
29390,58780,93,1.16,0.101,4.662,2.5e-06,0.466,0.002,4,34.87
29400,58800,93,1.16,0.049,2.557,2.5e-06,0.466,0.002,4,34.87
29410,58820,93,1.16,0.079,3.348,2.5e-06,0.501,0.002,4,34.87
29420,58840,93,1.16,0.133,5.244,2.5e-06,0.468,0.002,4,34.87
29430,58860,93,1.16,0.111,3.623,2.5e-06,0.486,0.003,4,34.87
29440,58880,93,1.16,0.100,4.247,2.5e-06,0.514,0.003,4,34.87
29450,58900,93,1.16,0.123,4.747,2.5e-06,0.486,0.003,4,34.87
29460,58920,93,1.16,0.070,3.006,2.5e-06,0.487,0.003,4,34.87
29470,58940,93,1.16,0.078,3.750,2.5e-06,0.489,0.003,4,34.87
29480,58960,93,1.17,0.094,3.859,2.5e-06,0.498,0.002,4,34.87
29490,58980,93,1.17,0.077,3.531,2.5e-06,0.474,0.002,4,34.87
29500,59000,93,1.17,0.056,3.533,2.5e-06,0.467,0.002,4,34.87
29510,59020,93,1.17,0.148,5.718,2.5e-06,0.932,0.002,2,34.87
29520,59040,93,1.17,0.139,5.397,2.5e-06,0.479,0.002,4,34.87
29530,59060,93,1.17,0.083,3.928,2.5e-06,0.482,0.002,4,34.87
29540,59080,93,1.17,0.104,4.914,2.5e-06,0.465,0.002,4,34.87
29550,59100,93,1.17,0.115,5.259,2.5e-06,0.481,0.002,4,34.87
29560,59120,93,1.17,0.085,4.475,2.5e-06,0.465,0.002,4,34.87
29570,59140,94,1.17,0.086,3.228,2.5e-06,0.476,0.002,4,34.87
29580,59160,94,1.17,0.088,4.025,2.5e-06,0.470,0.002,4,34.87
29590,59180,94,1.17,0.097,4.971,2.5e-06,0.483,0.002,4,34.87
29600,59200,94,1.17,0.083,3.825,2.5e-06,0.466,0.002,4,34.87
29610,59220,94,1.17,0.098,4.263,2.5e-06,0.478,0.002,4,34.87
29620,59240,94,1.17,0.092,4.712,2.5e-06,0.483,0.002,4,34.87
29630,59260,94,1.17,0.054,3.079,2.5e-06,0.466,0.002,4,34.87
29640,59280,94,1.17,0.065,3.197,2.5e-06,0.463,0.002,4,34.87
29650,59300,94,1.17,0.063,3.316,2.5e-06,0.474,0.002,4,34.87
29660,59320,94,1.17,0.124,5.163,2.5e-06,0.480,0.002,4,34.87
29670,59340,94,1.17,0.069,3.715,2.5e-06,0.473,0.002,4,34.87
29680,59360,94,1.17,0.039,2.398,2.5e-06,0.478,0.002,4,34.87
29690,59380,94,1.17,0.133,5.294,2.5e-06,0.491,0.002,4,34.87
29700,59400,94,1.17,0.094,3.846,2.5e-06,0.485,0.002,4,34.87
29710,59420,94,1.17,0.063,3.248,2.5e-06,0.492,0.003,4,34.87
29720,59440,94,1.17,0.116,4.639,2.5e-06,0.484,0.003,4,34.87
29730,59460,94,1.18,0.101,4.452,2.5e-06,0.512,0.003,4,34.87
29740,59480,94,1.18,0.077,4.027,2.5e-06,0.484,0.003,4,34.87
29750,59500,94,1.18,0.089,3.993,2.5e-06,0.477,0.003,4,34.87
29760,59520,94,1.18,0.077,3.845,2.5e-06,0.503,0.003,4,34.87
29770,59540,94,1.18,0.111,4.126,2.5e-06,0.470,0.003,4,34.87
29780,59560,94,1.18,0.129,5.297,2.5e-06,0.472,0.003,4,34.87
29790,59580,94,1.18,0.068,2.966,2.5e-06,0.474,0.003,4,34.87
29800,59600,94,1.18,0.059,3.394,2.5e-06,0.502,0.003,4,34.87
29810,59620,94,1.18,0.103,4.207,2.5e-06,0.479,0.003,4,34.87
29820,59640,94,1.18,0.090,4.355,2.5e-06,0.484,0.003,4,34.87
29830,59660,94,1.18,0.077,3.408,2.5e-06,0.515,0.003,4,34.87
29840,59680,94,1.18,0.104,4.858,2.5e-06,0.475,0.003,4,34.87
29850,59700,94,1.18,0.074,4.041,2.5e-06,0.478,0.003,4,34.87
29860,59720,94,1.18,0.097,4.474,2.5e-06,0.483,0.003,4,34.87
29870,59740,94,1.18,0.095,4.439,2.5e-06,0.511,0.003,4,34.87
29880,59760,94,1.18,0.077,4.385,2.5e-06,0.479,0.003,4,34.87
29890,59780,95,1.18,0.068,3.878,2.5e-06,0.479,0.003,4,34.87
29900,59800,95,1.18,0.068,3.014,2.5e-06,0.480,0.003,4,34.87
29910,59820,95,1.18,0.080,4.083,2.5e-06,0.503,0.003,4,34.87
29920,59840,95,1.18,0.098,4.170,2.5e-06,0.477,0.003,4,34.87
29930,59860,95,1.18,0.065,3.378,2.5e-06,0.478,0.003,4,34.87
29940,59880,95,1.18,0.087,4.334,2.5e-06,0.509,0.003,4,34.87
29950,59900,95,1.18,0.085,4.320,2.5e-06,0.472,0.003,4,34.87
29960,59920,95,1.18,0.093,3.953,2.5e-06,0.475,0.003,4,34.87
29970,59940,95,1.18,0.091,3.901,2.5e-06,0.470,0.003,4,34.87
29980,59960,95,1.19,0.078,3.696,2.5e-06,0.505,0.003,4,34.87
29990,59980,95,1.19,0.075,3.247,2.5e-06,0.477,0.003,4,34.87
30000,60000,95,1.19,0.052,2.961,2.5e-06,0.474,0.003,4,34.87
